ZIK_400_35_out_RIGHT	16	KU501215.1	10647	40	22=	*	0	0	CTCCAGAAGAGGGACTAGTGGT	*	NM:i:0	AM:i:40
ZIK_400_35_out_LEFT	0	KU501215.1	10241	40	22=	*	0	0	ACCACCTGGGCTGAGAACATTA	*	NM:i:0	AM:i:40
ZIK_400_34_out_RIGHT	16	KU501215.1	10391	40	22=	*	0	0	ATGTTGTCAGGCCTGCTAGTCA	*	NM:i:0	AM:i:40
ZIK_400_34_out_LEFT	0	KU501215.1	9969	40	22=	*	0	0	ATTTCCACAGAAGGGACCTCCG	*	NM:i:0	AM:i:40
ZIK_400_33_out_RIGHT	16	KU501215.1	10104	40	22=	*	0	0	TGGTGTGGAACAGAGTGTGGAT	*	NM:i:0	AM:i:40
ZIK_400_33_out_LEFT	0	KU501215.1	9637	40	22=	*	0	0	CAAACGAATGGCAGTCAGTGGA	*	NM:i:0	AM:i:40
ZIK_400_32_out_RIGHT	16	KU501215.1	9755	40	22=	*	0	0	AAACCCTCAACTGGATGGGACA	*	NM:i:0	AM:i:40
ZIK_400_32_out_LEFT	0	KU501215.1	9336	31	7=1X14=	*	0	0	AAATGGAAAAAGGGCACAGGGC	*	NM:i:1	AM:i:31
ZIK_400_31_out_RIGHT	16	KU501215.1	9473	40	22=	*	0	0	AGCGGACAAGTTGTCACTTACG	*	NM:i:0	AM:i:40
ZIK_400_31_out_LEFT	0	KU501215.1	9052	40	22=	*	0	0	ACAAGGGGAATTTGGAAAGGCC	*	NM:i:0	AM:i:40
ZIK_400_30_out_RIGHT	16	KU501215.1	9184	40	22=	*	0	0	TGGTGTTGAAGGGCTGGGATTA	*	NM:i:0	AM:i:40
ZIK_400_30_out_LEFT	0	KU501215.1	8740	40	22=	*	0	0	AAAAGTGGACACTAGGGTGCCA	*	NM:i:0	AM:i:40
ZIK_400_29_out_RIGHT	16	KU501215.1	8873	40	22=	*	0	0	AAGGTTCGTAGCAATGCAGCAT	*	NM:i:0	AM:i:40
ZIK_400_29_out_LEFT	0	KU501215.1	8430	40	22=	*	0	0	AGGATGTGAATCTCGGCTCTGG	*	NM:i:0	AM:i:40
ZIK_400_28_out_RIGHT	16	KU501215.1	8582	40	22=	*	0	0	TACCATGGAAGCTATGAGGCCC	*	NM:i:0	AM:i:40
ZIK_400_28_out_LEFT	0	KU501215.1	8167	40	22=	*	0	0	GGTGGGGGATTGGCTTGAAAAA	*	NM:i:0	AM:i:40
ZIK_400_27_out_RIGHT	16	KU501215.1	8296	40	22=	*	0	0	ACTCTCCCGCAACTCTACACAT	*	NM:i:0	AM:i:40
ZIK_400_27_out_LEFT	0	KU501215.1	7841	40	22=	*	0	0	AGTGCAAAGCTGAGATGGTTGG	*	NM:i:0	AM:i:40
ZIK_400_26_out_RIGHT	16	KU501215.1	7972	40	22=	*	0	0	ATACACAAAAGGAGGCCCTGGT	*	NM:i:0	AM:i:40
ZIK_400_26_out_LEFT	0	KU501215.1	7554	40	22=	*	0	0	ACTGGAACTCCTCTACAGCCAC	*	NM:i:0	AM:i:40
ZIK_400_25_out_RIGHT	16	KU501215.1	7685	40	22=	*	0	0	ACCCTGGGAGAGAAATGGAAGG	*	NM:i:0	AM:i:40
ZIK_400_25_out_LEFT	0	KU501215.1	7230	40	22=	*	0	0	CCCTGACCCTAATAGTGGCCAT	*	NM:i:0	AM:i:40
ZIK_400_24_out_RIGHT	16	KU501215.1	7394	40	22=	*	0	0	ACAATTGACCCCCAAGTGGAGA	*	NM:i:0	AM:i:40
ZIK_400_24_out_LEFT	0	KU501215.1	6960	40	22=	*	0	0	TAATGGGAAGGAGAGAGGAGGG	*	NM:i:0	AM:i:40
ZIK_400_23_out_RIGHT	16	KU501215.1	7073	30	20=1X1=	*	0	0	GTCCAACATGCAGTGACCACTT	*	NM:i:1	AM:i:30
ZIK_400_23_out_LEFT	0	KU501215.1	6673	40	22=	*	0	0	CGTCTTGATGAGGAACAAGGGC	*	NM:i:0	AM:i:40
ZIK_400_22_out_RIGHT	16	KU501215.1	6756	40	22=	*	0	0	CGGAAATTGAGCCAGCCAGAAT	*	NM:i:0	AM:i:40
ZIK_400_22_out_LEFT	0	KU501215.1	6353	40	22=	*	0	0	TGGACCAGACACGGAGAGAAAA	*	NM:i:0	AM:i:40
ZIK_400_21_out_RIGHT	16	KU501215.1	6458	40	22=	*	0	0	AAAAGAGGAGCGGCTTTTGGAG	*	NM:i:0	AM:i:40
ZIK_400_21_out_LEFT	0	KU501215.1	6046	40	22=	*	0	0	AGAGACTGACGAAGACCATGCA	*	NM:i:0	AM:i:40
ZIK_400_20_out_RIGHT	16	KU501215.1	6178	40	22=	*	0	0	CAAGCTTAGGACGGAGCAAAGG	*	NM:i:0	AM:i:40
ZIK_400_20_out_LEFT	0	KU501215.1	5746	40	22=	*	0	0	GGCTGGAAAACGGGTCATACAG	*	NM:i:0	AM:i:40
ZIK_400_19_out_RIGHT	16	KU501215.1	5902	40	22=	*	0	0	AAAGCCGGTCATACTTGATGGC	*	NM:i:0	AM:i:40
ZIK_400_19_out_LEFT	0	KU501215.1	5461	40	22=	*	0	0	TATGGATGAGGCCCACTTCACA	*	NM:i:0	AM:i:40
ZIK_400_18_out_RIGHT	16	KU501215.1	5587	40	22=	*	0	0	ATTTCCGGACTCCAACTCACCA	*	NM:i:0	AM:i:40
ZIK_400_18_out_LEFT	0	KU501215.1	5136	30	19=1X2=	*	0	0	CTGTTGAGTGCTTCGAGCCTTC	*	NM:i:1	AM:i:30
ZIK_400_17_out_RIGHT	16	KU501215.1	5304	40	22=	*	0	0	AAATGGAGGAGGCCCTTAGAGG	*	NM:i:0	AM:i:40
ZIK_400_17_out_LEFT	0	KU501215.1	4851	40	22=	*	0	0	GTGGTCCATGGAAGCTAGATGC	*	NM:i:0	AM:i:40
ZIK_400_16_out_RIGHT	16	KU501215.1	4965	40	22=	*	0	0	CAAAGGATGGGGACATTGGAGC	*	NM:i:0	AM:i:40
ZIK_400_16_out_LEFT	0	KU501215.1	4542	40	22=	*	0	0	GTGGCATGAACCCAATAGCCAT	*	NM:i:0	AM:i:40
ZIK_400_15_out_RIGHT	16	KU501215.1	4659	40	22=	*	0	0	GGGAGACCACAGATGGAGTGTA	*	NM:i:0	AM:i:40
ZIK_400_15_out_LEFT	0	KU501215.1	4231	40	22=	*	0	0	CCCTAGCGAAGTACTCACAGCT	*	NM:i:0	AM:i:40
ZIK_400_14_out_RIGHT	16	KU501215.1	4388	40	22=	*	0	0	GCAGGTGACATCACATGGGAAA	*	NM:i:0	AM:i:40
ZIK_400_14_out_LEFT	0	KU501215.1	3931	40	22=	*	0	0	CAATGGTTTTGCTTTGGCCTGG	*	NM:i:0	AM:i:40
ZIK_400_13_out_RIGHT	16	KU501215.1	4077	40	22=	*	0	0	GGGGGTTTATGCTCCTCTCTCT	*	NM:i:0	AM:i:40
ZIK_400_13_out_LEFT	0	KU501215.1	3657	40	22=	*	0	0	TGGCAGTGCTGGTAGCTATGAT	*	NM:i:0	AM:i:40
ZIK_400_12_out_RIGHT	16	KU501215.1	3763	40	22=	*	0	0	TGTAGCTCATCTGGCGCTGATA	*	NM:i:0	AM:i:40
ZIK_400_12_out_LEFT	0	KU501215.1	3334	40	22=	*	0	0	CACTAAGGTCCACGTGGAGGAA	*	NM:i:0	AM:i:40
ZIK_400_11_out_RIGHT	16	KU501215.1	3481	40	22=	*	0	0	TGGAATGGAGATAAGGCCCAGG	*	NM:i:0	AM:i:40
ZIK_400_11_out_LEFT	0	KU501215.1	3030	40	22=	*	0	0	CAGCCGTTATTGGAACAGCTGT	*	NM:i:0	AM:i:40
ZIK_400_10_out_RIGHT	16	KU501215.1	3154	40	22=	*	0	0	ATGTGAATGGCCAAAGTCCCAC	*	NM:i:0	AM:i:40
ZIK_400_10_out_LEFT	0	KU501215.1	2747	40	22=	*	0	0	ACGGTCGTTGTGGGATCTGTAA	*	NM:i:0	AM:i:40
ZIK_400_09_out_RIGHT	16	KU501215.1	2902	40	22=	*	0	0	CACACTGAAGGAATGCCCACTC	*	NM:i:0	AM:i:40
ZIK_400_09_out_LEFT	0	KU501215.1	2444	40	22=	*	0	0	GCCTTAGGGGGAGTGTTGATCT	*	NM:i:0	AM:i:40
ZIK_400_08_out_RIGHT	16	KU501215.1	2607	40	22=	*	0	0	GTAGATTGGCAGCAGCAGTCAA	*	NM:i:0	AM:i:40
ZIK_400_08_out_LEFT	0	KU501215.1	2151	40	22=	*	0	0	GGGAGAAGAAGATCACCCACCA	*	NM:i:0	AM:i:40
ZIK_400_07_out_RIGHT	16	KU501215.1	2264	40	22=	*	0	0	GACTTTGGATCAGTTGGAGGCG	*	NM:i:0	AM:i:40
ZIK_400_07_out_LEFT	0	KU501215.1	1875	40	22=	*	0	0	TGAAGGGCGTGTCATACTCCTT	*	NM:i:0	AM:i:40
ZIK_400_06_out_RIGHT	16	KU501215.1	1965	40	22=	*	0	0	TACAGTACGCAGGGACAGATGG	*	NM:i:0	AM:i:40
ZIK_400_06_out_LEFT	0	KU501215.1	1539	40	22=	*	0	0	TTGATTGTGAACCGAGGACAGG	*	NM:i:0	AM:i:40
ZIK_400_05_out_RIGHT	16	KU501215.1	1701	40	22=	*	0	0	TGGTAGAGTTCAAGGACGCACA	*	NM:i:0	AM:i:40
ZIK_400_05_out_LEFT	0	KU501215.1	1256	40	22=	*	0	0	AGAACGTTAGTGGACAGAGGCT	*	NM:i:0	AM:i:40
ZIK_400_04_out_RIGHT	16	KU501215.1	1393	40	22=	*	0	0	AATGCTGTCAGTTCATGGCTCC	*	NM:i:0	AM:i:40
ZIK_400_04_out_LEFT	0	KU501215.1	978	40	22=	*	0	0	TCAGGTGCATAGGAGTCAGCAA	*	NM:i:0	AM:i:40
ZIK_400_03_out_RIGHT	16	KU501215.1	1054	40	22=	*	0	0	ACATGGAGGTTGTGTCACCGTA	*	NM:i:0	AM:i:40
ZIK_400_03_out_LEFT	0	KU501215.1	658	40	22=	*	0	0	AGATGACGTCGATTGTTGGTGC	*	NM:i:0	AM:i:40
ZIK_400_02_out_RIGHT	16	KU501215.1	796	40	22=	*	0	0	GTCGCAAACCTGGTTGGAATCA	*	NM:i:0	AM:i:40
ZIK_400_02_out_LEFT	0	KU501215.1	359	40	22=	*	0	0	AAGAAAGATCTGGCTGCCATGC	*	NM:i:0	AM:i:40
ZIK_400_01_out_RIGHT	16	KU501215.1	482	40	22=	*	0	0	ACTAGACGTGGGAGTGCATACT	*	NM:i:0	AM:i:40
ZIK_400_01_out_LEFT	0	KU501215.1	28	40	24=	*	0	0	GACAGTTCGAGTTTGAAGCGAAAG	*	NM:i:0	AM:i:40
