SEQ_ID,START,END,AMPLICON_ID,PRIMER_GROUP,SIDE,AMPLICON,GROUP,PRIMER_SEQUENCE
KX601166.2,10660,10682,ZIKVAfrican_40_RIGHT,ZIKVAfrican_2,RIGHT,ZIKVAfrican_40,40,GCGTCAATATGCTGTTTTGCGT
KX601166.2,10249,10271,ZIKVAfrican_40_LEFT,ZIKVAfrican_2,LEFT,ZIKVAfrican_40,40,TGGTGCGTAGGATCATAGGTGA
KX601166.2,10363,10385,ZIKVAfrican_39_RIGHT,ZIKVAfrican_1,RIGHT,ZIKVAfrican_39,39,CTGACTAGCAGGCCTGACAACA
KX601166.2,9987,10009,ZIKVAfrican_39_LEFT,ZIKVAfrican_1,LEFT,ZIKVAfrican_39,39,GCTGTGCCAATTGACTGGGTAC
KX601166.2,10090,10112,ZIKVAfrican_38_RIGHT,ZIKVAfrican_2,RIGHT,ZIKVAfrican_38,38,TGGTCGTTCTCCTCAATCCACA
KX601166.2,9731,9753,ZIKVAfrican_38_LEFT,ZIKVAfrican_2,LEFT,ZIKVAfrican_38,38,CTCGACTGGATGGAGCAATTGG
KX601166.2,9835,9857,ZIKVAfrican_37_RIGHT,ZIKVAfrican_1,RIGHT,ZIKVAfrican_37,37,GCTCGGCCAATCAGTTCATCTT
KX601166.2,9440,9462,ZIKVAfrican_37_LEFT,ZIKVAfrican_1,LEFT,ZIKVAfrican_37,37,AGGGAGCGGACAAGTTGTTACT
KX601166.2,9546,9568,ZIKVAfrican_36_RIGHT,ZIKVAfrican_2,RIGHT,ZIKVAfrican_36,36,TCTCTGGCTTCCTCAACAACCA
KX601166.2,9194,9217,ZIKVAfrican_36_LEFT,ZIKVAfrican_2,LEFT,ZIKVAfrican_36,36,CCTAGAAGAAATGAACCGGGCAC
KX601166.2,9303,9325,ZIKVAfrican_35_RIGHT,ZIKVAfrican_1,RIGHT,ZIKVAfrican_35,35,TGTGCCCTTCTTCCATCTGGTT
KX601166.2,8959,8981,ZIKVAfrican_35_LEFT,ZIKVAfrican_1,LEFT,ZIKVAfrican_35,35,AACACCACCTGAGAGGAGAGTG
KX601166.2,9066,9088,ZIKVAfrican_34_RIGHT,ZIKVAfrican_2,RIGHT,ZIKVAfrican_34,34,ATCTGGCTCCCAACCACATGTA
KX601166.2,8662,8684,ZIKVAfrican_34_LEFT,ZIKVAfrican_2,LEFT,ZIKVAfrican_34,34,TAGCTATGACTGACACCACGCC
KX601166.2,8775,8797,ZIKVAfrican_33_RIGHT,ZIKVAfrican_1,RIGHT,ZIKVAfrican_33,33,CCAGCTCCTTCCATAGCCAAGA
KX601166.2,8382,8405,ZIKVAfrican_33_LEFT,ZIKVAfrican_1,LEFT,ZIKVAfrican_33,33,AGGCCAGTGAAATATGAGGAGGA
KX601166.2,8536,8558,ZIKVAfrican_32_RIGHT,ZIKVAfrican_2,RIGHT,ZIKVAfrican_32,32,TGGTAGGCCCATGTCCTGTATG
KX601166.2,8136,8158,ZIKVAfrican_32_LEFT,ZIKVAfrican_2,LEFT,ZIKVAfrican_32,32,ATGGTGGGAGACTGGCTTGAAA
KX601166.2,8240,8262,ZIKVAfrican_31_RIGHT,ZIKVAfrican_1,RIGHT,ZIKVAfrican_31,31,TCTGACTAATCCTCCCCCATGC
KX601166.2,7869,7891,ZIKVAfrican_31_LEFT,ZIKVAfrican_1,LEFT,ZIKVAfrican_31,31,GTTGACCTTGGATGTGGCAGAG
KX601166.2,7983,8005,ZIKVAfrican_30_RIGHT,ZIKVAfrican_2,RIGHT,ZIKVAfrican_30,30,TGTTCCACCCATAGCTTTGCAC
KX601166.2,7619,7641,ZIKVAfrican_30_LEFT,ZIKVAfrican_2,LEFT,ZIKVAfrican_30,30,CGGTCTGGTTAAGAGACGTGGA
KX601166.2,7720,7742,ZIKVAfrican_29_RIGHT,ZIKVAfrican_1,RIGHT,ZIKVAfrican_29,29,ACTTCGGTGATGCCTGACTTTT
KX601166.2,7371,7393,ZIKVAfrican_29_LEFT,ZIKVAfrican_1,LEFT,ZIKVAfrican_29,29,GACCCCCAAGTGGAGAAGAAGA
KX601166.2,7496,7518,ZIKVAfrican_28_RIGHT,ZIKVAfrican_2,RIGHT,ZIKVAfrican_28,28,TGGAGAGCCTTCCCATAAGGTG
KX601166.2,7098,7120,ZIKVAfrican_28_LEFT,ZIKVAfrican_2,LEFT,ZIKVAfrican_28,28,ACACAAGCTGGAGTGCTGTTTG
KX601166.2,7214,7236,ZIKVAfrican_27_RIGHT,ZIKVAfrican_1,RIGHT,ZIKVAfrican_27,27,CACAAGCAGAATGATGGCCACT
KX601166.2,6836,6858,ZIKVAfrican_27_LEFT,ZIKVAfrican_1,LEFT,ZIKVAfrican_27,27,GGCAATCATCATCATGGTGGCA
KX601166.2,6946,6968,ZIKVAfrican_26_RIGHT,ZIKVAfrican_2,RIGHT,ZIKVAfrican_26,26,AATCCCATGGTTGTCCCCTCTT
KX601166.2,6574,6596,ZIKVAfrican_26_LEFT,ZIKVAfrican_2,LEFT,ZIKVAfrican_26,26,AACTGCCGGAGACCTTAGAGAC
KX601166.2,6678,6700,ZIKVAfrican_25_RIGHT,ZIKVAfrican_1,RIGHT,ZIKVAfrican_25,25,CAAGGGTTACCATTCCGAAGCC
KX601166.2,6302,6324,ZIKVAfrican_25_LEFT,ZIKVAfrican_1,LEFT,ZIKVAfrican_25,25,AGACAGTGTACCAGCAGAGGTG
KX601166.2,6406,6428,ZIKVAfrican_24_RIGHT,ZIKVAfrican_2,RIGHT,ZIKVAfrican_24,24,CCAGCGGCAAATTCTTTGAACG
KX601166.2,6024,6046,ZIKVAfrican_24_LEFT,ZIKVAfrican_2,LEFT,ZIKVAfrican_24,24,GATGAAGACCATGCACACTGGC
KX601166.2,6132,6154,ZIKVAfrican_23_RIGHT,ZIKVAfrican_1,RIGHT,ZIKVAfrican_23,23,GCTTGAACTCTCCCTCAATGGC
KX601166.2,5728,5750,ZIKVAfrican_23_LEFT,ZIKVAfrican_1,LEFT,ZIKVAfrican_23,23,GGGTCATACAGCTCAGCAGGAA
KX601166.2,5839,5861,ZIKVAfrican_22_RIGHT,ZIKVAfrican_2,RIGHT,ZIKVAfrican_22,22,GAATCTATGACCCGGTCAGCCT
KX601166.2,5489,5511,ZIKVAfrican_22_LEFT,ZIKVAfrican_2,LEFT,ZIKVAfrican_22,22,AACAAGGGTTGAAATGGGCGAG
KX601166.2,5594,5616,ZIKVAfrican_21_RIGHT,ZIKVAfrican_1,RIGHT,ZIKVAfrican_21,21,GGCTCTCTCTGGAACTTCCACT
KX601166.2,5198,5221,ZIKVAfrican_21_LEFT,ZIKVAfrican_1,LEFT,ZIKVAfrican_21,21,TCCTGAAATAGTCCGTGAAGCCA
KX601166.2,5314,5336,ZIKVAfrican_20_RIGHT,ZIKVAfrican_2,RIGHT,ZIKVAfrican_20,20,GTGACGTTGACTGCTGTTGTCA
KX601166.2,4918,4943,ZIKVAfrican_20_LEFT,ZIKVAfrican_2,LEFT,ZIKVAfrican_20,20,TGCCTGGAATATTCAAGACAAAGGA
KX601166.2,5025,5048,ZIKVAfrican_19_RIGHT,ZIKVAfrican_1,RIGHT,ZIKVAfrican_19,19,ACAACCCCATTGCCATAAAGTCC
KX601166.2,4626,4651,ZIKVAfrican_19_LEFT,ZIKVAfrican_1,LEFT,ZIKVAfrican_19,19,AAAGGAGAGACTACAGATGGAGTGT
KX601166.2,4728,4750,ZIKVAfrican_18_RIGHT,ZIKVAfrican_2,RIGHT,ZIKVAfrican_18,18,CTCCTTTTGTGACGTGCCACAT
KX601166.2,4378,4400,ZIKVAfrican_18_LEFT,ZIKVAfrican_2,LEFT,ZIKVAfrican_18,18,AAAAAGACGCGGAAGTCACTGG
KX601166.2,4494,4516,ZIKVAfrican_17_RIGHT,ZIKVAfrican_1,RIGHT,ZIKVAfrican_17,17,CACAGATGGCCATCAGAACCAC
KX601166.2,4120,4142,ZIKVAfrican_17_LEFT,ZIKVAfrican_1,LEFT,ZIKVAfrican_17,17,GGTTGACCGCTGTGAGGATAGT
KX601166.2,4224,4246,ZIKVAfrican_16_RIGHT,ZIKVAfrican_2,RIGHT,ZIKVAfrican_16,16,CCAGTGCACATATCAGGCCAAC
KX601166.2,3865,3887,ZIKVAfrican_16_LEFT,ZIKVAfrican_2,LEFT,ZIKVAfrican_16,16,CGATCTCTGCTCTTGAAGGCGA
KX601166.2,3980,4002,ZIKVAfrican_15_RIGHT,ZIKVAfrican_1,RIGHT,ZIKVAfrican_15,15,GGCTAATGGTGTTAGAGCAGCC
KX601166.2,3620,3642,ZIKVAfrican_15_LEFT,ZIKVAfrican_1,LEFT,ZIKVAfrican_15,15,CACATCAATGGCAGTGCTGGTA
KX601166.2,3728,3750,ZIKVAfrican_14_RIGHT,ZIKVAfrican_2,RIGHT,ZIKVAfrican_14,14,TGCCAAGTGAGCTACATCTCCT
KX601166.2,3386,3408,ZIKVAfrican_14_LEFT,ZIKVAfrican_2,LEFT,ZIKVAfrican_14,14,GGAATGGTGCTGTAGGGAATGC
KX601166.2,3502,3524,ZIKVAfrican_13_RIGHT,ZIKVAfrican_1,RIGHT,ZIKVAfrican_13,13,GTTGATCCTGCTGTCACCATGG
KX601166.2,3157,3182,ZIKVAfrican_13_LEFT,ZIKVAfrican_1,LEFT,ZIKVAfrican_13,13,CAGATGGAGTGGAAGAAAGTGATCT
KX601166.2,3273,3295,ZIKVAfrican_12_RIGHT,ZIKVAfrican_2,RIGHT,ZIKVAfrican_12,12,CCTCAAACCGGATTTCGAGCTC
KX601166.2,2877,2899,ZIKVAfrican_12_LEFT,ZIKVAfrican_2,LEFT,ZIKVAfrican_12,12,CTGAAGGAGTGTCCGCTCAAAC
KX601166.2,3012,3034,ZIKVAfrican_11_RIGHT,ZIKVAfrican_1,RIGHT,ZIKVAfrican_11,11,CCTTTCCCTTGACAGCTGTTCC
KX601166.2,2640,2665,ZIKVAfrican_11_LEFT,ZIKVAfrican_1,LEFT,ZIKVAfrican_11,11,TCGAGAATGGAAAACATCATGTGGA
KX601166.2,2751,2773,ZIKVAfrican_10_RIGHT,ZIKVAfrican_2,RIGHT,ZIKVAfrican_10,10,GCAATCTCTGTGGACCTCTCCA
KX601166.2,2390,2413,ZIKVAfrican_10_LEFT,ZIKVAfrican_2,LEFT,ZIKVAfrican_10,10,TGGATCTATCTCCCTCACATGCT
KX601166.2,2489,2511,ZIKVAfrican_9_RIGHT,ZIKVAfrican_1,RIGHT,ZIKVAfrican_9,9,CGTGCCACATCTCGTTTCCTTT
KX601166.2,2131,2153,ZIKVAfrican_9_LEFT,ZIKVAfrican_1,LEFT,ZIKVAfrican_9,9,AAATCACCCATCACTGGCATCG
KX601166.2,2237,2259,ZIKVAfrican_8_RIGHT,ZIKVAfrican_2,RIGHT,ZIKVAfrican_8,8,CACACCCCCAACTGATCCAAAG
KX601166.2,1893,1915,ZIKVAfrican_8_LEFT,ZIKVAfrican_2,LEFT,ZIKVAfrican_8,8,AAGGTCCCAGCTGAAACATTGC
KX601166.2,2004,2026,ZIKVAfrican_7_RIGHT,ZIKVAfrican_1,RIGHT,ZIKVAfrican_7,7,TTATCAGCCTTCCAACTGGGGT
KX601166.2,1649,1671,ZIKVAfrican_7_LEFT,ZIKVAfrican_1,LEFT,ZIKVAfrican_7,7,ACACTGGAACAACAAAGAGGCA
KX601166.2,1760,1782,ZIKVAfrican_6_RIGHT,ZIKVAfrican_2,RIGHT,ZIKVAfrican_6,6,ATCCATCTCAGCCTCCAAAGCT
KX601166.2,1366,1388,ZIKVAfrican_6_LEFT,ZIKVAfrican_2,LEFT,ZIKVAfrican_6,6,TGCTATCAGTGCATGGATCCCA
KX601166.2,1465,1487,ZIKVAfrican_5_RIGHT,ZIKVAfrican_1,RIGHT,ZIKVAfrican_5,5,AAGGTTGCTTCTGCTCTTGGTG
KX601166.2,1079,1101,ZIKVAfrican_5_LEFT,ZIKVAfrican_1,LEFT,ZIKVAfrican_5,5,GTTGGTCACGACAACGGTTAGC
KX601166.2,1179,1201,ZIKVAfrican_4_RIGHT,ZIKVAfrican_2,RIGHT,ZIKVAfrican_4,4,GCTTGTCAAGGTAGGCTTCACC
KX601166.2,811,840,ZIKVAfrican_4_LEFT,ZIKVAfrican_2,LEFT,ZIKVAfrican_4,4,TCAAGGTTGAAAATTGGATATTCAGGAAC
KX601166.2,916,940,ZIKVAfrican_3_RIGHT,ZIKVAfrican_1,RIGHT,ZIKVAfrican_3,3,CCGGGGCAATCAACAATATCATGA
KX601166.2,550,572,ZIKVAfrican_3_LEFT,ZIKVAfrican_1,LEFT,ZIKVAfrican_3,3,TACAGATCATGGACCTCGGGCA
KX601166.2,664,686,ZIKVAfrican_2_RIGHT,ZIKVAfrican_2,RIGHT,ZIKVAfrican_2,2,CAGGTTCCGTACACAACCCAAG
KX601166.2,258,281,ZIKVAfrican_2_LEFT,ZIKVAfrican_2,LEFT,ZIKVAfrican_2,2,CCATCACTGGGCCTCATCAATAG
KX601166.2,369,391,ZIKVAfrican_1_RIGHT,ZIKVAfrican_1,RIGHT,ZIKVAfrican_1,1,CACGTCTCTTCCTCTCCTTCCT
KX601166.2,1,24,ZIKVAfrican_1_LEFT,ZIKVAfrican_1,LEFT,ZIKVAfrican_1,1,ACAGTTCGAGTTTGAAGCGAGAG
