SEQ_ID,START_RIGHT,END_RIGHT,AMPLICON_ID_RIGHT,PRIMER_GROUP,SYMBOL,PRIMER_SEQUENCE_RIGHT,DIRECTION,AMPLICON,AMPLICON_ID_LEFT,START_LEFT,END_LEFT,PRIMER_SEQUENCE_LEFT,AMPLICON_SEQUENCE,RANK,AMPLICON_NAME
MN908947.3,385,410,nCoV-2019_1_RIGHT,1,-,CATCTTTAAGATGTTGACGTGCCTC,RIGHT,nCoV-2019_1,nCoV-2019_1_LEFT,30,54,ACCAACCAACTTTCGATCTCTTGT,AGATCTGTTCTCTAAACGAACTTTAAAATCTGTGTGGCTGTCACTCGGCTGCATGCTTAGTGCACTCACGCAGTATAATTAATAACTAATTACTGTCGTTGACAGGACACGAGTAACTCGTCTATCTTCTGCAGGCTGCTTACGGTTTCGTCCGTGTTGCAGCCGATCATCAGCACATCTAGGTTTCGTCCGGGTGTGACCGAAAGGTAAGATGGAGAGCCTTGTCCCTGGTTTCAACGAGAAAACACACGTCCAACTCAGTTTGCCTGTTTTACAGGTTCGCGACGTGCTCGTACGTGGCTTTGGAGACTCCGTGGAGGAGGTCTTATCA,1.0,nCoV-2019_1_1
MN908947.3,704,726,nCoV-2019_2_RIGHT,2,-,TAAGGATCAGTGCCAAGCTCGT,RIGHT,nCoV-2019_2,nCoV-2019_2_LEFT,320,342,CTGTTTTACAGGTTCGCGACGT,GCTCGTACGTGGCTTTGGAGACTCCGTGGAGGAGGTCTTATCAGAGGCACGTCAACATCTTAAAGATGGCACTTGTGGCTTAGTAGAAGTTGAAAAAGGCGTTTTGCCTCAACTTGAACAGCCCTATGTGTTCATCAAACGTTCGGATGCTCGAACTGCACCTCATGGTCATGTTATGGTTGAGCTGGTAGCAGAACTCGAAGGCATTCAGTACGGTCGTAGTGGTGAGACACTTGGTGTCCTTGTCCCTCATGTGGGCGAAATACCAGTGGCTTACCGCAAGGTTCTTCTTCGTAAGAACGGTAATAAAGGAGCTGGTGGCCATAGTTACGGCGCCGATCTAAAGTCATTTGACTTAGGCG,1.0,nCoV-2019_2_1
MN908947.3,1004,1028,nCoV-2019_3_RIGHT,1,-,AAGGTGTCTGCAATTCATAGCTCT,RIGHT,nCoV-2019_3,nCoV-2019_3_LEFT,642,664,CGGTAATAAAGGAGCTGGTGGC,CATAGTTACGGCGCCGATCTAAAGTCATTTGACTTAGGCGACGAGCTTGGCACTGATCCTTATGAAGATTTTCAAGAAAACTGGAACACTAAACATAGCAGTGGTGTTACCCGTGAACTCATGCGTGAGCTTAACGGAGGGGCATACACTCGCTATGTCGATAACAACTTCTGTGGCCCTGATGGCTACCCTCTTGAGTGCATTAAAGACCTTCTAGCACGTGCTGGTAAAGCTTCATGCACTTTGTCCGAACAACTGGACTTTATTGACACTAAGAGGGGTGTATACTGCTGCCGTGAACATGAGCATGAAATTGCTTGGTACACGGAACGTTCTGAAA,1.0,nCoV-2019_3_1
MN908947.3,1312,1337,nCoV-2019_4_RIGHT,2,-,CACAAGTAGTGGCACCTTCTTTAGT,RIGHT,nCoV-2019_4,nCoV-2019_4_LEFT,943,965,GGTGTATACTGCTGCCGTGAAC,ATGAGCATGAAATTGCTTGGTACACGGAACGTTCTGAAAAGAGCTATGAATTGCAGACACCTTTTGAAATTAAATTGGCAAAGAAATTTGACACCTTCAATGGGGAATGTCCAAATTTTGTATTTCCCTTAAATTCCATAATCAAGACTATTCAACCAAGGGTTGAAAAGAAAAAGCTTGATGGCTTTATGGGTAGAATTCGATCTGTCTATCCAGTTGCGTCACCAAATGAATGCAACCAAATGTGCCTTTCAACTCTCATGAAGTGTGATCATTGTGGTGAAACTTCATGGCAGACGGGCGATTTTGTTAAAGCCACTTGCGAATTTTGTGGCACTGAGAATTTG,1.0,nCoV-2019_4_1
MN908947.3,1623,1651,nCoV-2019_5_RIGHT,1,-,ATTGATGTTGACTTTCTCTTTTTGGAGT,RIGHT,nCoV-2019_5,nCoV-2019_5_LEFT,1242,1264,TGGTGAAACTTCATGGCAGACG,GGCGATTTTGTTAAAGCCACTTGCGAATTTTGTGGCACTGAGAATTTGACTAAAGAAGGTGCCACTACTTGTGGTTACTTACCCCAAAATGCTGTTGTTAAAATTTATTGTCCAGCATGTCACAATTCAGAAGTAGGACCTGAGCATAGTCTTGCCGAATACCATAATGAATCTGGCTTGAAAACCATTCTTCGTAAGGGTGGTCGCACTATTGCCTTTGGAGGCTGTGTGTTCTCTTATGTTGGTTGCCATAACAAGTGTGCCTATTGGGTTCCACGTGCTAGCGCTAACATAGGTTGTAACCATACAGGTGTTGTTGGAGAAGGTTCCGAAGGTCTTAATGACAACCTTCTTGAAAT,1.0,nCoV-2019_5_1
MN908947.3,1942,1964,nCoV-2019_6_RIGHT,2,-,TAGCGGCCTTCTGTAAAACACG,RIGHT,nCoV-2019_6,nCoV-2019_6_LEFT,1573,1595,GGTGTTGTTGGAGAAGGTTCCG,AAGGTCTTAATGACAACCTTCTTGAAATACTCCAAAAAGAGAAAGTCAACATCAATATTGTTGGTGACTTTAAACTTAATGAAGAGATCGCCATTATTTTGGCATCTTTTTCTGCTTCCACAAGTGCTTTTGTGGAAACTGTGAAAGGTTTGGATTATAAAGCATTCAAACAAATTGTTGAATCCTGTGGTAATTTTAAAGTTACAAAAGGAAAAGCTAAAAAAGGTGCCTGGAATATTGGTGAACAGAAATCAATACTGAGTCCTCTTTATGCATTTGCATCAGAGGCTGCTCGTGTTGTACGATCAATTTTCTCCCGCACTCTTGAAACTGCTCAAAATTCTGTG,1.0,nCoV-2019_6_1
MN908947.3,2247,2269,nCoV-2019_7_RIGHT,1,-,TGCACAGGTGACAATTTGTCCA,RIGHT,nCoV-2019_7,nCoV-2019_7_LEFT,1875,1897,ATCAGAGGCTGCTCGTGTTGTA,CGATCAATTTTCTCCCGCACTCTTGAAACTGCTCAAAATTCTGTGCGTGTTTTACAGAAGGCCGCTATAACAATACTAGATGGAATTTCACAGTATTCACTGAGACTCATTGATGCTATGATGTTCACATCTGATTTGGCTACTAACAATCTAGTTGTAATGGCCTACATTACAGGTGGTGTTGTTCAGTTGACTTCGCAGTGGCTAACTAACATCTTTGGCACTGTTTATGAAAAACTCAAACCCGTCCTTGATTGGCTTGAAGAGAAGTTTAAGGAAGGTGTAGAGTTTCTTAGAGACGGTTGGGAAATTGTTAAATTTATCTCAACCTGTGCTTGTGAAATTGTCGG,1.0,nCoV-2019_7_1
MN908947.3,2247,2269,nCoV-2019_7_RIGHT,1,-,TGCACAGGTGACAATTTGTCCA,RIGHT,nCoV-2019_7,nCoV-2019_7_LEFT_alt0,1868,1890,CATTTGCATCAGAGGCTGCTCG,TGTTGTACGATCAATTTTCTCCCGCACTCTTGAAACTGCTCAAAATTCTGTGCGTGTTTTACAGAAGGCCGCTATAACAATACTAGATGGAATTTCACAGTATTCACTGAGACTCATTGATGCTATGATGTTCACATCTGATTTGGCTACTAACAATCTAGTTGTAATGGCCTACATTACAGGTGGTGTTGTTCAGTTGACTTCGCAGTGGCTAACTAACATCTTTGGCACTGTTTATGAAAAACTCAAACCCGTCCTTGATTGGCTTGAAGAGAAGTTTAAGGAAGGTGTAGAGTTTCTTAGAGACGGTTGGGAAATTGTTAAATTTATCTCAACCTGTGCTTGTGAAATTGTCGG,2.0,nCoV-2019_7_2
MN908947.3,2242,2264,nCoV-2019_7_RIGHT_alt5,1,-,AGGTGACAATTTGTCCACCGAC,RIGHT,nCoV-2019_7,nCoV-2019_7_LEFT,1875,1897,ATCAGAGGCTGCTCGTGTTGTA,CGATCAATTTTCTCCCGCACTCTTGAAACTGCTCAAAATTCTGTGCGTGTTTTACAGAAGGCCGCTATAACAATACTAGATGGAATTTCACAGTATTCACTGAGACTCATTGATGCTATGATGTTCACATCTGATTTGGCTACTAACAATCTAGTTGTAATGGCCTACATTACAGGTGGTGTTGTTCAGTTGACTTCGCAGTGGCTAACTAACATCTTTGGCACTGTTTATGAAAAACTCAAACCCGTCCTTGATTGGCTTGAAGAGAAGTTTAAGGAAGGTGTAGAGTTTCTTAGAGACGGTTGGGAAATTGTTAAATTTATCTCAACCTGTGCTTGTGAAATT,3.0,nCoV-2019_7_3
MN908947.3,2242,2264,nCoV-2019_7_RIGHT_alt5,1,-,AGGTGACAATTTGTCCACCGAC,RIGHT,nCoV-2019_7,nCoV-2019_7_LEFT_alt0,1868,1890,CATTTGCATCAGAGGCTGCTCG,TGTTGTACGATCAATTTTCTCCCGCACTCTTGAAACTGCTCAAAATTCTGTGCGTGTTTTACAGAAGGCCGCTATAACAATACTAGATGGAATTTCACAGTATTCACTGAGACTCATTGATGCTATGATGTTCACATCTGATTTGGCTACTAACAATCTAGTTGTAATGGCCTACATTACAGGTGGTGTTGTTCAGTTGACTTCGCAGTGGCTAACTAACATCTTTGGCACTGTTTATGAAAAACTCAAACCCGTCCTTGATTGGCTTGAAGAGAAGTTTAAGGAAGGTGTAGAGTTTCTTAGAGACGGTTGGGAAATTGTTAAATTTATCTCAACCTGTGCTTGTGAAATT,4.0,nCoV-2019_7_4
MN908947.3,2568,2592,nCoV-2019_8_RIGHT,2,-,GCTTCAACAGCTTCACTAGTAGGT,RIGHT,nCoV-2019_8,nCoV-2019_8_LEFT,2181,2205,AGAGTTTCTTAGAGACGGTTGGGA,AATTGTTAAATTTATCTCAACCTGTGCTTGTGAAATTGTCGGTGGACAAATTGTCACCTGTGCAAAGGAAATTAAGGAGAGTGTTCAGACATTCTTTAAGCTTGTAAATAAATTTTTGGCTTTGTGTGCTGACTCTATCATTATTGGTGGAGCTAAACTTAAAGCCTTGAATTTAGGTGAAACATTTGTCACGCACTCAAAGGGATTGTACAGAAAGTGTGTTAAATCCAGAGAAGAAACTGGCCTACTCATGCCTCTAAAAGCCCCAAAAGAAATTATCTTCTTAGAGGGAGAAACACTTCCCACAGAAGTGTTAACAGAGGAAGTTGTCTTGAAAACTGGTGATTTACAACCATTAGAACA,1.0,nCoV-2019_8_1
MN908947.3,2882,2904,nCoV-2019_9_RIGHT,1,-,ATGACAGCATCTGCCACAACAC,RIGHT,nCoV-2019_9,nCoV-2019_9_LEFT,2505,2529,TCCCACAGAAGTGTTAACAGAGGA,AGTTGTCTTGAAAACTGGTGATTTACAACCATTAGAACAACCTACTAGTGAAGCTGTTGAAGCTCCATTGGTTGGTACACCAGTTTGTATTAACGGGCTTATGTTGCTCGAAATCAAAGACACAGAAAAGTACTGTGCCCTTGCACCTAATATGATGGTAACAAACAATACCTTCACACTCAAAGGCGGTGCACCAACAAAGGTTACTTTTGGTGATGACACTGTGATAGAAGTGCAAGGTTACAAGAGTGTGAATATCACTTTTGAACTTGATGAAAGGATTGATAAAGTACTTAATGAGAAGTGCTCTGCCTATACAGTTGAACTCGGTACAGAAGTAAATGAGTTCGCCT,1.0,nCoV-2019_9_1
MN908947.3,2882,2904,nCoV-2019_9_RIGHT,1,-,ATGACAGCATCTGCCACAACAC,RIGHT,nCoV-2019_9,nCoV-2019_9_LEFT_alt4,2504,2528,TTCCCACAGAAGTGTTAACAGAGG,AAGTTGTCTTGAAAACTGGTGATTTACAACCATTAGAACAACCTACTAGTGAAGCTGTTGAAGCTCCATTGGTTGGTACACCAGTTTGTATTAACGGGCTTATGTTGCTCGAAATCAAAGACACAGAAAAGTACTGTGCCCTTGCACCTAATATGATGGTAACAAACAATACCTTCACACTCAAAGGCGGTGCACCAACAAAGGTTACTTTTGGTGATGACACTGTGATAGAAGTGCAAGGTTACAAGAGTGTGAATATCACTTTTGAACTTGATGAAAGGATTGATAAAGTACTTAATGAGAAGTGCTCTGCCTATACAGTTGAACTCGGTACAGAAGTAAATGAGTTCGCCT,2.0,nCoV-2019_9_2
MN908947.3,2880,2902,nCoV-2019_9_RIGHT_alt2,1,-,GACAGCATCTGCCACAACACAG,RIGHT,nCoV-2019_9,nCoV-2019_9_LEFT,2505,2529,TCCCACAGAAGTGTTAACAGAGGA,AGTTGTCTTGAAAACTGGTGATTTACAACCATTAGAACAACCTACTAGTGAAGCTGTTGAAGCTCCATTGGTTGGTACACCAGTTTGTATTAACGGGCTTATGTTGCTCGAAATCAAAGACACAGAAAAGTACTGTGCCCTTGCACCTAATATGATGGTAACAAACAATACCTTCACACTCAAAGGCGGTGCACCAACAAAGGTTACTTTTGGTGATGACACTGTGATAGAAGTGCAAGGTTACAAGAGTGTGAATATCACTTTTGAACTTGATGAAAGGATTGATAAAGTACTTAATGAGAAGTGCTCTGCCTATACAGTTGAACTCGGTACAGAAGTAAATGAGTTCGC,3.0,nCoV-2019_9_3
MN908947.3,2880,2902,nCoV-2019_9_RIGHT_alt2,1,-,GACAGCATCTGCCACAACACAG,RIGHT,nCoV-2019_9,nCoV-2019_9_LEFT_alt4,2504,2528,TTCCCACAGAAGTGTTAACAGAGG,AAGTTGTCTTGAAAACTGGTGATTTACAACCATTAGAACAACCTACTAGTGAAGCTGTTGAAGCTCCATTGGTTGGTACACCAGTTTGTATTAACGGGCTTATGTTGCTCGAAATCAAAGACACAGAAAAGTACTGTGCCCTTGCACCTAATATGATGGTAACAAACAATACCTTCACACTCAAAGGCGGTGCACCAACAAAGGTTACTTTTGGTGATGACACTGTGATAGAAGTGCAAGGTTACAAGAGTGTGAATATCACTTTTGAACTTGATGAAAGGATTGATAAAGTACTTAATGAGAAGTGCTCTGCCTATACAGTTGAACTCGGTACAGAAGTAAATGAGTTCGC,4.0,nCoV-2019_9_4
MN908947.3,3183,3210,nCoV-2019_10_RIGHT,2,-,TCATCTAACCAATCTTCTTCTTGCTCT,RIGHT,nCoV-2019_10,nCoV-2019_10_LEFT,2826,2850,TGAGAAGTGCTCTGCCTATACAGT,TGAACTCGGTACAGAAGTAAATGAGTTCGCCTGTGTTGTGGCAGATGCTGTCATAAAAACTTTGCAACCAGTATCTGAATTACTTACACCACTGGGCATTGATTTAGATGAGTGGAGTATGGCTACATACTACTTATTTGATGAGTCTGGTGAGTTTAAATTGGCTTCACATATGTATTGTTCTTTCTACCCTCCAGATGAGGATGAAGAAGAAGGTGATTGTGAAGAAGAAGAGTTTGAGCCATCAACTCAATATGAGTATGGTACTGAAGATGATTACCAAGGTAAACCTTTGGAATTTGGTGCCACTTCTGCTGCTCTTCAACCTGAAGA,1.0,nCoV-2019_10_1
MN908947.3,3507,3531,nCoV-2019_11_RIGHT,1,-,TCATCAGATTCAACTTGCATGGCA,RIGHT,nCoV-2019_11,nCoV-2019_11_LEFT,3144,3166,GGAATTTGGTGCCACTTCTGCT,GCTCTTCAACCTGAAGAAGAGCAAGAAGAAGATTGGTTAGATGATGATAGTCAACAAACTGTTGGTCAACAAGACGGCAGTGAGGACAATCAGACAACTACTATTCAAACAATTGTTGAGGTTCAACCTCAATTAGAGATGGAACTTACACCAGTTGTTCAGACTATTGAAGTGAATAGTTTTAGTGGTTATTTAAAACTTACTGACAATGTATACATTAAAAATGCAGACATTGTGGAAGAAGCTAAAAAGGTAAAACCAACAGTGGTTGTTAATGCAGCCAATGTTTACCTTAAACATGGAGGAGGTGTTGCAGGAGCCTTAAATAAGGCTACTAACAA,1.0,nCoV-2019_11_1
MN908947.3,3826,3853,nCoV-2019_12_RIGHT,2,-,TTCACTCTTCATTTCCAAAAAGCTTGA,RIGHT,nCoV-2019_12,nCoV-2019_12_LEFT,3460,3482,AAACATGGAGGAGGTGTTGCAG,GAGCCTTAAATAAGGCTACTAACAATGCCATGCAAGTTGAATCTGATGATTACATAGCTACTAATGGACCACTTAAAGTGGGTGGTAGTTGTGTTTTAAGCGGACACAATCTTGCTAAACACTGTCTTCATGTTGTCGGCCCAAATGTTAACAAAGGTGAAGACATTCAACTTCTTAAGAGTGCTTATGAAAATTTTAATCAGCACGAAGTTCTACTTGCACCATTATTATCAGCTGGTATTTTTGGTGCTGACCCTATACATTCTTTAAGAGTTTGTGTAGATACTGTTCGCACAAATGTCTACTTAGCTGTCTTTGATAAAAATCTCTATGACAAACTTGTT,1.0,nCoV-2019_12_1
MN908947.3,4142,4164,nCoV-2019_13_RIGHT,1,-,ACCACAGCAGTTAAAACACCCT,RIGHT,nCoV-2019_13,nCoV-2019_13_LEFT,3771,3795,TCGCACAAATGTCTACTTAGCTGT,CTTTGATAAAAATCTCTATGACAAACTTGTTTCAAGCTTTTTGGAAATGAAGAGTGAAAAGCAAGTTGAACAAAAGATCGCTGAGATTCCTAAAGAGGAAGTTAAGCCATTTATAACTGAAAGTAAACCTTCAGTTGAACAGAGAAAACAAGATGATAAGAAAATCAAAGCTTGTGTTGAAGAAGTTACAACAACTCTGGAAGAAACTAAGTTCCTCACAGAAAACTTGTTACTTTATATTGACATTAATGGCAATCTTCATCCAGATTCTGCCACTCTTGTTAGTGACATTGACATCACTTTCTTAAAGAAAGATGCTCCATATATAGTGGGTGATGTTGTTCAAG,1.0,nCoV-2019_13_1
MN908947.3,4428,4450,nCoV-2019_14_RIGHT,2,-,AGTTTCCACACAGACAGGCATT,RIGHT,nCoV-2019_14,nCoV-2019_14_LEFT,4054,4077,CATCCAGATTCTGCCACTCTTGT,TAGTGACATTGACATCACTTTCTTAAAGAAAGATGCTCCATATATAGTGGGTGATGTTGTTCAAGAGGGTGTTTTAACTGCTGTGGTTATACCTACTAAAAAGGCTGGTGGCACTACTGAAATGCTAGCGAAAGCTTTGAGAAAAGTGCCAACAGACAATTATATAACCACTTACCCGGGTCAGGGTTTAAATGGTTACACTGTAGAGGAGGCAAAGACAGTGCTTAAAAAGTGTAAAAGTGCCTTTTACATTCTACCATCTATTATCTCTAATGAGAAGCAAGAAATTCTTGGAACTGTTTCTTGGAATTTGCGAGAAATGCTTGCACATGCAGAAGAAACACGCAAATT,1.0,nCoV-2019_14_1
MN908947.3,4428,4450,nCoV-2019_14_RIGHT,2,-,AGTTTCCACACAGACAGGCATT,RIGHT,nCoV-2019_14,nCoV-2019_14_LEFT_alt4,4044,4068,TGGCAATCTTCATCCAGATTCTGC,CACTCTTGTTAGTGACATTGACATCACTTTCTTAAAGAAAGATGCTCCATATATAGTGGGTGATGTTGTTCAAGAGGGTGTTTTAACTGCTGTGGTTATACCTACTAAAAAGGCTGGTGGCACTACTGAAATGCTAGCGAAAGCTTTGAGAAAAGTGCCAACAGACAATTATATAACCACTTACCCGGGTCAGGGTTTAAATGGTTACACTGTAGAGGAGGCAAAGACAGTGCTTAAAAAGTGTAAAAGTGCCTTTTACATTCTACCATCTATTATCTCTAATGAGAAGCAAGAAATTCTTGGAACTGTTTCTTGGAATTTGCGAGAAATGCTTGCACATGCAGAAGAAACACGCAAATT,2.0,nCoV-2019_14_2
MN908947.3,4402,4424,nCoV-2019_14_RIGHT_alt2,2,-,TGCGTGTTTCTTCTGCATGTGC,RIGHT,nCoV-2019_14,nCoV-2019_14_LEFT,4054,4077,CATCCAGATTCTGCCACTCTTGT,TAGTGACATTGACATCACTTTCTTAAAGAAAGATGCTCCATATATAGTGGGTGATGTTGTTCAAGAGGGTGTTTTAACTGCTGTGGTTATACCTACTAAAAAGGCTGGTGGCACTACTGAAATGCTAGCGAAAGCTTTGAGAAAAGTGCCAACAGACAATTATATAACCACTTACCCGGGTCAGGGTTTAAATGGTTACACTGTAGAGGAGGCAAAGACAGTGCTTAAAAAGTGTAAAAGTGCCTTTTACATTCTACCATCTATTATCTCTAATGAGAAGCAAGAAATTCTTGGAACTGTTTCTTGGAATTTGCGAGAAATGCTT,3.0,nCoV-2019_14_3
MN908947.3,4402,4424,nCoV-2019_14_RIGHT_alt2,2,-,TGCGTGTTTCTTCTGCATGTGC,RIGHT,nCoV-2019_14,nCoV-2019_14_LEFT_alt4,4044,4068,TGGCAATCTTCATCCAGATTCTGC,CACTCTTGTTAGTGACATTGACATCACTTTCTTAAAGAAAGATGCTCCATATATAGTGGGTGATGTTGTTCAAGAGGGTGTTTTAACTGCTGTGGTTATACCTACTAAAAAGGCTGGTGGCACTACTGAAATGCTAGCGAAAGCTTTGAGAAAAGTGCCAACAGACAATTATATAACCACTTACCCGGGTCAGGGTTTAAATGGTTACACTGTAGAGGAGGCAAAGACAGTGCTTAAAAAGTGTAAAAGTGCCTTTTACATTCTACCATCTATTATCTCTAATGAGAAGCAAGAAATTCTTGGAACTGTTTCTTGGAATTTGCGAGAAATGCTT,4.0,nCoV-2019_14_4
MN908947.3,4674,4696,nCoV-2019_15_RIGHT,1,-,AACAGAAACTGTAGCTGGCACT,RIGHT,nCoV-2019_15,nCoV-2019_15_LEFT,4294,4321,ACAGTGCTTAAAAAGTGTAAAAGTGCC,TTTTACATTCTACCATCTATTATCTCTAATGAGAAGCAAGAAATTCTTGGAACTGTTTCTTGGAATTTGCGAGAAATGCTTGCACATGCAGAAGAAACACGCAAATTAATGCCTGTCTGTGTGGAAACTAAAGCCATAGTTTCAACTATACAGCGTAAATATAAGGGTATTAAAATACAAGAGGGTGTGGTTGATTATGGTGCTAGATTTTACTTTTACACCAGTAAAACAACTGTAGCGTCACTTATCAACACACTTAACGATCTAAATGAAACTCTTGTTACAATGCCACTTGGCTATGTAACACATGGCTTAAATTTGGAAGAAGCTGCTCGGTATATGAGATCTCTCAA,1.0,nCoV-2019_15_1
MN908947.3,4674,4696,nCoV-2019_15_RIGHT,1,-,AACAGAAACTGTAGCTGGCACT,RIGHT,nCoV-2019_15,nCoV-2019_15_LEFT_alt1,4296,4322,AGTGCTTAAAAAGTGTAAAAGTGCCT,TTTACATTCTACCATCTATTATCTCTAATGAGAAGCAAGAAATTCTTGGAACTGTTTCTTGGAATTTGCGAGAAATGCTTGCACATGCAGAAGAAACACGCAAATTAATGCCTGTCTGTGTGGAAACTAAAGCCATAGTTTCAACTATACAGCGTAAATATAAGGGTATTAAAATACAAGAGGGTGTGGTTGATTATGGTGCTAGATTTTACTTTTACACCAGTAAAACAACTGTAGCGTCACTTATCAACACACTTAACGATCTAAATGAAACTCTTGTTACAATGCCACTTGGCTATGTAACACATGGCTTAAATTTGGAAGAAGCTGCTCGGTATATGAGATCTCTCAA,2.0,nCoV-2019_15_2
MN908947.3,4666,4689,nCoV-2019_15_RIGHT_alt3,1,-,ACTGTAGCTGGCACTTTGAGAGA,RIGHT,nCoV-2019_15,nCoV-2019_15_LEFT,4294,4321,ACAGTGCTTAAAAAGTGTAAAAGTGCC,TTTTACATTCTACCATCTATTATCTCTAATGAGAAGCAAGAAATTCTTGGAACTGTTTCTTGGAATTTGCGAGAAATGCTTGCACATGCAGAAGAAACACGCAAATTAATGCCTGTCTGTGTGGAAACTAAAGCCATAGTTTCAACTATACAGCGTAAATATAAGGGTATTAAAATACAAGAGGGTGTGGTTGATTATGGTGCTAGATTTTACTTTTACACCAGTAAAACAACTGTAGCGTCACTTATCAACACACTTAACGATCTAAATGAAACTCTTGTTACAATGCCACTTGGCTATGTAACACATGGCTTAAATTTGGAAGAAGCTGCTCGGTATATGAGA,3.0,nCoV-2019_15_3
MN908947.3,4666,4689,nCoV-2019_15_RIGHT_alt3,1,-,ACTGTAGCTGGCACTTTGAGAGA,RIGHT,nCoV-2019_15,nCoV-2019_15_LEFT_alt1,4296,4322,AGTGCTTAAAAAGTGTAAAAGTGCCT,TTTACATTCTACCATCTATTATCTCTAATGAGAAGCAAGAAATTCTTGGAACTGTTTCTTGGAATTTGCGAGAAATGCTTGCACATGCAGAAGAAACACGCAAATTAATGCCTGTCTGTGTGGAAACTAAAGCCATAGTTTCAACTATACAGCGTAAATATAAGGGTATTAAAATACAAGAGGGTGTGGTTGATTATGGTGCTAGATTTTACTTTTACACCAGTAAAACAACTGTAGCGTCACTTATCAACACACTTAACGATCTAAATGAAACTCTTGTTACAATGCCACTTGGCTATGTAACACATGGCTTAAATTTGGAAGAAGCTGCTCGGTATATGAGA,4.0,nCoV-2019_15_4
MN908947.3,4995,5017,nCoV-2019_16_RIGHT,2,-,CACAACTTGCGTGTGGAGGTTA,RIGHT,nCoV-2019_16,nCoV-2019_16_LEFT,4636,4658,AATTTGGAAGAAGCTGCTCGGT,ATATGAGATCTCTCAAAGTGCCAGCTACAGTTTCTGTTTCTTCACCTGATGCTGTTACAGCGTATAATGGTTATCTTACTTCTTCTTCTAAAACACCTGAAGAACATTTTATTGAAACCATCTCACTTGCTGGTTCCTATAAAGATTGGTCCTATTCTGGACAATCTACACAACTAGGTATAGAATTTCTTAAGAGAGGTGATAAAAGTGTATATTACACTAGTAATCCTACCACATTCCACCTAGATGGTGAAGTTATCACCTTTGACAATCTTAAGACACTTCTTTCTTTGAGAGAAGTGAGGACTATTAAGGTGTTTACAACAGTAGACAACAT,1.0,nCoV-2019_16_1
MN908947.3,5296,5321,nCoV-2019_17_RIGHT,1,-,TTTGTTGGAGTGTTAACAATGCAGT,RIGHT,nCoV-2019_17,nCoV-2019_17_LEFT,4939,4966,CTTCTTTCTTTGAGAGAAGTGAGGACT,ATTAAGGTGTTTACAACAGTAGACAACATTAACCTCCACACGCAAGTTGTGGACATGTCAATGACATATGGACAACAGTTTGGTCCAACTTATTTGGATGGAGCTGATGTTACTAAAATAAAACCTCATAATTCACATGAAGGTAAAACATTTTATGTTTTACCTAATGATGACACTCTACGTGTTGAGGCTTTTGAGTACTACCACACAACTGATCCTAGTTTTCTGGGTAGGTACATGTCAGCATTAAATCACACTAAAAAGTGGAAATACCCACAAGTTAATGGTTTAACTTCTATTAAATGGGCAGATAACAACTGTTATCTTGCC,1.0,nCoV-2019_17_1
MN908947.3,5620,5644,nCoV-2019_18_RIGHT,2,-,AGCTTGTTTACCACACGTACAAGG,RIGHT,nCoV-2019_18,nCoV-2019_18_LEFT,5230,5259,TGGAAATACCCACAAGTTAATGGTTTAAC,TTCTATTAAATGGGCAGATAACAACTGTTATCTTGCCACTGCATTGTTAACACTCCAACAAATAGAGTTGAAGTTTAATCCACCTGCTCTACAAGATGCTTATTACAGAGCAAGGGCTGGTGAAGCTGCTAACTTTTGTGCACTTATCTTAGCCTACTGTAATAAGACAGTAGGTGAGTTAGGTGATGTTAGAGAAACAATGAGTTACTTGTTTCAACATGCCAATTTAGATTCTTGCAAAAGAGTCTTGAACGTGGTGTGTAAAACTTGTGGACAACAGCAGACAACCCTTAAGGGTGTAGAAGCTGTTATGTACATGGGCACACTTTCTTATGAACAATTTAAGAAAGGTGTTCAGATA,1.0,nCoV-2019_18_1
MN908947.3,5620,5644,nCoV-2019_18_RIGHT,2,-,AGCTTGTTTACCACACGTACAAGG,RIGHT,nCoV-2019_18,nCoV-2019_18_LEFT_alt2,5257,5287,ACTTCTATTAAATGGGCAGATAACAACTGT,TATCTTGCCACTGCATTGTTAACACTCCAACAAATAGAGTTGAAGTTTAATCCACCTGCTCTACAAGATGCTTATTACAGAGCAAGGGCTGGTGAAGCTGCTAACTTTTGTGCACTTATCTTAGCCTACTGTAATAAGACAGTAGGTGAGTTAGGTGATGTTAGAGAAACAATGAGTTACTTGTTTCAACATGCCAATTTAGATTCTTGCAAAAGAGTCTTGAACGTGGTGTGTAAAACTTGTGGACAACAGCAGACAACCCTTAAGGGTGTAGAAGCTGTTATGTACATGGGCACACTTTCTTATGAACAATTTAAGAAAGGTGTTCAGATA,2.0,nCoV-2019_18_2
MN908947.3,5620,5643,nCoV-2019_18_RIGHT_alt1,2,-,GCTTGTTTACCACACGTACAAGG,RIGHT,nCoV-2019_18,nCoV-2019_18_LEFT,5230,5259,TGGAAATACCCACAAGTTAATGGTTTAAC,TTCTATTAAATGGGCAGATAACAACTGTTATCTTGCCACTGCATTGTTAACACTCCAACAAATAGAGTTGAAGTTTAATCCACCTGCTCTACAAGATGCTTATTACAGAGCAAGGGCTGGTGAAGCTGCTAACTTTTGTGCACTTATCTTAGCCTACTGTAATAAGACAGTAGGTGAGTTAGGTGATGTTAGAGAAACAATGAGTTACTTGTTTCAACATGCCAATTTAGATTCTTGCAAAAGAGTCTTGAACGTGGTGTGTAAAACTTGTGGACAACAGCAGACAACCCTTAAGGGTGTAGAAGCTGTTATGTACATGGGCACACTTTCTTATGAACAATTTAAGAAAGGTGTTCAGATA,3.0,nCoV-2019_18_3
MN908947.3,5620,5643,nCoV-2019_18_RIGHT_alt1,2,-,GCTTGTTTACCACACGTACAAGG,RIGHT,nCoV-2019_18,nCoV-2019_18_LEFT_alt2,5257,5287,ACTTCTATTAAATGGGCAGATAACAACTGT,TATCTTGCCACTGCATTGTTAACACTCCAACAAATAGAGTTGAAGTTTAATCCACCTGCTCTACAAGATGCTTATTACAGAGCAAGGGCTGGTGAAGCTGCTAACTTTTGTGCACTTATCTTAGCCTACTGTAATAAGACAGTAGGTGAGTTAGGTGATGTTAGAGAAACAATGAGTTACTTGTTTCAACATGCCAATTTAGATTCTTGCAAAAGAGTCTTGAACGTGGTGTGTAAAACTTGTGGACAACAGCAGACAACCCTTAAGGGTGTAGAAGCTGTTATGTACATGGGCACACTTTCTTATGAACAATTTAAGAAAGGTGTTCAGATA,4.0,nCoV-2019_18_4
MN908947.3,5932,5957,nCoV-2019_19_RIGHT,1,-,TGTCCAACTTAGGGTCAATTTCTGT,RIGHT,nCoV-2019_19,nCoV-2019_19_LEFT,5563,5586,GCTGTTATGTACATGGGCACACT,TTCTTATGAACAATTTAAGAAAGGTGTTCAGATACCTTGTACGTGTGGTAAACAAGCTACAAAATATCTAGTACAACAGGAGTCACCTTTTGTTATGATGTCAGCACCACCTGCTCAGTATGAACTTAAGCATGGTACATTTACTTGTGCTAGTGAGTACACTGGTAATTACCAGTGTGGTCACTATAAACATATAACTTCTAAAGAAACTTTGTATTGCATAGACGGTGCTTTACTTACAAAGTCCTCAGAATACAAAGGTCCTATTACGGATGTTTTCTACAAAGAAAACAGTTACACAACAACCATAAAACCAGTTACTTATAAATTGGATGGTGTTGTTTGT,1.0,nCoV-2019_19_1
MN908947.3,6247,6272,nCoV-2019_20_RIGHT,2,-,ACGTGGCTTTATTAGTTGCATTGTT,RIGHT,nCoV-2019_20,nCoV-2019_20_LEFT,5867,5894,ACAAAGAAAACAGTTACACAACAACCA,TAAAACCAGTTACTTATAAATTGGATGGTGTTGTTTGTACAGAAATTGACCCTAAGTTGGACAATTATTATAAGAAAGACAATTCTTATTTCACAGAGCAACCAATTGATCTTGTACCAAACCAACCATATCCAAACGCAAGCTTCGATAATTTTAAGTTTGTATGTGATAATATCAAATTTGCTGATGATTTAAACCAGTTAACTGGTTATAAGAAACCTGCTTCAAGAGAGCTTAAAGTTACATTTTTCCCTGACTTAAATGGTGATGTGGTGGCTATTGATTATAAACACTACACACCCTCTTTTAAGAAAGGAGCTAAATTGTTACATAAACCTATTGTTTGGCATGTT,1.0,nCoV-2019_20_1
MN908947.3,6528,6550,nCoV-2019_21_RIGHT,1,-,TAGATCTGTGTGGCCAACCTCT,RIGHT,nCoV-2019_21,nCoV-2019_21_LEFT,6167,6196,TGGCTATTGATTATAAACACTACACACCC,TCTTTTAAGAAAGGAGCTAAATTGTTACATAAACCTATTGTTTGGCATGTTAACAATGCAACTAATAAAGCCACGTATAAACCAAATACCTGGTGTATACGTTGTCTTTGGAGCACAAAACCAGTTGAAACATCAAATTCGTTTGATGTACTGAAGTCAGAGGACGCGCAGGGAATGGATAATCTTGCCTGCGAAGATCTAAAACCAGTCTCTGAAGAAGTAGTGGAAAATCCTACCATACAGAAAGACGTTCTTGAGTGTAATGTGAAAACTACCGAAGTTGTAGGAGACATTATACTTAAACCAGCAAATAATAGTTTAAAAATTACAGA,1.0,nCoV-2019_21_1
MN908947.3,6528,6550,nCoV-2019_21_RIGHT,1,-,TAGATCTGTGTGGCCAACCTCT,RIGHT,nCoV-2019_21,nCoV-2019_21_LEFT_alt2,6168,6197,GGCTATTGATTATAAACACTACACACCCT,CTTTTAAGAAAGGAGCTAAATTGTTACATAAACCTATTGTTTGGCATGTTAACAATGCAACTAATAAAGCCACGTATAAACCAAATACCTGGTGTATACGTTGTCTTTGGAGCACAAAACCAGTTGAAACATCAAATTCGTTTGATGTACTGAAGTCAGAGGACGCGCAGGGAATGGATAATCTTGCCTGCGAAGATCTAAAACCAGTCTCTGAAGAAGTAGTGGAAAATCCTACCATACAGAAAGACGTTCTTGAGTGTAATGTGAAAACTACCGAAGTTGTAGGAGACATTATACTTAAACCAGCAAATAATAGTTTAAAAATTACAGA,2.0,nCoV-2019_21_2
MN908947.3,6526,6548,nCoV-2019_21_RIGHT_alt0,1,-,GATCTGTGTGGCCAACCTCTTC,RIGHT,nCoV-2019_21,nCoV-2019_21_LEFT,6167,6196,TGGCTATTGATTATAAACACTACACACCC,TCTTTTAAGAAAGGAGCTAAATTGTTACATAAACCTATTGTTTGGCATGTTAACAATGCAACTAATAAAGCCACGTATAAACCAAATACCTGGTGTATACGTTGTCTTTGGAGCACAAAACCAGTTGAAACATCAAATTCGTTTGATGTACTGAAGTCAGAGGACGCGCAGGGAATGGATAATCTTGCCTGCGAAGATCTAAAACCAGTCTCTGAAGAAGTAGTGGAAAATCCTACCATACAGAAAGACGTTCTTGAGTGTAATGTGAAAACTACCGAAGTTGTAGGAGACATTATACTTAAACCAGCAAATAATAGTTTAAAAATTACA,3.0,nCoV-2019_21_3
MN908947.3,6526,6548,nCoV-2019_21_RIGHT_alt0,1,-,GATCTGTGTGGCCAACCTCTTC,RIGHT,nCoV-2019_21,nCoV-2019_21_LEFT_alt2,6168,6197,GGCTATTGATTATAAACACTACACACCCT,CTTTTAAGAAAGGAGCTAAATTGTTACATAAACCTATTGTTTGGCATGTTAACAATGCAACTAATAAAGCCACGTATAAACCAAATACCTGGTGTATACGTTGTCTTTGGAGCACAAAACCAGTTGAAACATCAAATTCGTTTGATGTACTGAAGTCAGAGGACGCGCAGGGAATGGATAATCTTGCCTGCGAAGATCTAAAACCAGTCTCTGAAGAAGTAGTGGAAAATCCTACCATACAGAAAGACGTTCTTGAGTGTAATGTGAAAACTACCGAAGTTGTAGGAGACATTATACTTAAACCAGCAAATAATAGTTTAAAAATTACA,4.0,nCoV-2019_21_4
MN908947.3,6846,6873,nCoV-2019_22_RIGHT,2,-,ACAGTATTCTTTGCTATAGTAGTCGGC,RIGHT,nCoV-2019_22,nCoV-2019_22_LEFT,6466,6495,ACTACCGAAGTTGTAGGAGACATTATACT,TAAACCAGCAAATAATAGTTTAAAAATTACAGAAGAGGTTGGCCACACAGATCTAATGGCTGCTTATGTAGACAATTCTAGTCTTACTATTAAGAAACCTAATGAATTATCTAGAGTATTAGGTTTGAAAACCCTTGCTACTCATGGTTTAGCTGCTGTTAATAGTGTCCCTTGGGATACTATAGCTAATTATGCTAAGCCTTTTCTTAACAAAGTTGTTAGTACAACTACTAACATAGTTACACGGTGTTTAAACCGTGTTTGTACTAATTATATGCCTTATTTCTTTACTTTATTGCTACAATTGTGTACTTTTACTAGAAGTACAAATTCTAGAATTAAAGCATCTAT,1.0,nCoV-2019_22_1
MN908947.3,7092,7117,nCoV-2019_23_RIGHT,1,-,ACCAGTACAGTAGGTTGCAATAGTG,RIGHT,nCoV-2019_23,nCoV-2019_23_LEFT,6718,6745,ACAACTACTAACATAGTTACACGGTGT,TTAAACCGTGTTTGTACTAATTATATGCCTTATTTCTTTACTTTATTGCTACAATTGTGTACTTTTACTAGAAGTACAAATTCTAGAATTAAAGCATCTATGCCGACTACTATAGCAAAGAATACTGTTAAGAGTGTCGGTAAATTTTGTCTAGAGGCTTCATTTAATTATTTGAAGTCACCTAATTTTTCTAAACTGATAAATATTATAATTTGGTTTTTACTATTAAGTGTTTGCCTAGGTTCTTTAATCTACTCAACCGCTGCTTTAGGTGTTTTAATGTCTAATTTAGGCATGCCTTCTTACTGTACTGGTTACAGAGAAGGCTATTTGAACTCTACTAATGT,1.0,nCoV-2019_23_1
MN908947.3,7389,7415,nCoV-2019_24_RIGHT,2,-,ACATTCTAACCATAGCTGAAATCGGG,RIGHT,nCoV-2019_24,nCoV-2019_24_LEFT,7035,7058,AGGCATGCCTTCTTACTGTACTG,GTTACAGAGAAGGCTATTTGAACTCTACTAATGTCACTATTGCAACCTACTGTACTGGTTCTATACCTTGTAGTGTTTGTCTTAGTGGTTTAGATTCTTTAGACACCTATCCTTCTTTAGAAACTATACAAATTACCATTTCATCTTTTAAATGGGATTTAACTGCTTTTGGCTTAGTTGCAGAGTGGTTTTTGGCATATATTCTTTTCACTAGGTTTTTCTATGTACTTGGATTGGCTGCAATCATGCAATTGTTTTTCAGCTATTTTGCAGTACATTTTATTAGTAATTCTTGGCTTATGTGGTTAATAATTAATCTTGTACAAATGGC,1.0,nCoV-2019_24_1
MN908947.3,7671,7694,nCoV-2019_25_RIGHT,1,-,ACTGTAGTGACAAGTCTCTCGCA,RIGHT,nCoV-2019_25,nCoV-2019_25_LEFT,7305,7332,GCAATTGTTTTTCAGCTATTTTGCAGT,ACATTTTATTAGTAATTCTTGGCTTATGTGGTTAATAATTAATCTTGTACAAATGGCCCCGATTTCAGCTATGGTTAGAATGTACATCTTCTTTGCATCATTTTATTATGTATGGAAAAGTTATGTGCATGTTGTAGACGGTTGTAATTCATCAACTTGTATGATGTGTTACAAACGTAATAGAGCAACAAGAGTCGAATGTACAACTATTGTTAATGGTGTTAGAAGGTCCTTTTATGTCTATGCTAATGGAGGTAAAGGCTTTTGCAAACTACACAATTGGAATTGTGTTAATTGTGATACATTCTGTGCTGGTAGTACATTTATTAGTGATGAAGT,1.0,nCoV-2019_25_1
MN908947.3,7997,8019,nCoV-2019_26_RIGHT,2,-,TCCGCACTATCACCAACATCAG,RIGHT,nCoV-2019_26,nCoV-2019_26_LEFT,7626,7651,TTGTGATACATTCTGTGCTGGTAGT,ACATTTATTAGTGATGAAGTTGCGAGAGACTTGTCACTACAGTTTAAAAGACCAATAAATCCTACTGACCAGTCTTCTTACATCGTTGATAGTGTTACAGTGAAGAATGGTTCCATCCATCTTTACTTTGATAAAGCTGGTCAAAAGACTTATGAAAGACATTCTCTCTCTCATTTTGTTAACTTAGACAACCTGAGAGCTAATAACACTAAAGGTTCATTGCCTATTAATGTTATAGTTTTTGATGGTAAATCAAAATGTGAAGAATCATCTGCAAAATCAGCGTCTGTTTACTACAGTCAGCTTATGTGTCAACCTATACTGTTACTAGATCAGGCATTAGTGT,1.0,nCoV-2019_26_1
MN908947.3,8319,8341,nCoV-2019_27_RIGHT,1,-,AATACAAGCACCAAGGTCACGG,RIGHT,nCoV-2019_27,nCoV-2019_27_LEFT,7943,7968,ACTACAGTCAGCTTATGTGTCAACC,TATACTGTTACTAGATCAGGCATTAGTGTCTGATGTTGGTGATAGTGCGGAAGTTGCAGTTAAAATGTTTGATGCTTACGTTAATACGTTTTCATCAACTTTTAACGTACCAATGGAAAAACTCAAAACACTAGTTGCAACTGCAGAAGCTGAACTTGCAAAGAATGTGTCCTTAGACAATGTCTTATCTACTTTTATTTCAGCAGCTCGGCAAGGGTTTGTTGATTCAGATGTAGAAACTAAAGATGTTGTTGAATGTCTTAAATTGTCACATCAATCTGACATAGAAGTTACTGGCGATAGTTGTAATAACTATATGCTCACCTATAACAAAGTTGAAAACATGACACC,1.0,nCoV-2019_27_1
MN908947.3,8635,8661,nCoV-2019_28_RIGHT,2,-,TGTTTAGACATGACATGAACAGGTGT,RIGHT,nCoV-2019_28,nCoV-2019_28_LEFT,8249,8275,ACATAGAAGTTACTGGCGATAGTTGT,AATAACTATATGCTCACCTATAACAAAGTTGAAAACATGACACCCCGTGACCTTGGTGCTTGTATTGACTGTAGTGCGCGTCATATTAATGCGCAGGTAGCAAAAAGTCACAACATTGCTTTGATATGGAACGTTAAAGATTTCATGTCATTGTCTGAACAACTACGAAAACAAATACGTAGTGCTGCTAAAAAGAATAACTTACCTTTTAAGTTGACATGTGCAACTACTAGACAAGTTGTTAATGTTGTAACAACAAAGATAGCACTTAAGGGTGGTAAAATTGTTAATAATTGGTTGAAGCAGTTAATTAAAGTTACACTTGTGTTCCTTTTTGTTGCTGCTATTTTCTATTTAATA,1.0,nCoV-2019_28_1
MN908947.3,8954,8983,nCoV-2019_29_RIGHT,1,-,AGTGTACTCTATAAGTTTTGATGGTGTGT,RIGHT,nCoV-2019_29,nCoV-2019_29_LEFT,8595,8619,ACTTGTGTTCCTTTTTGTTGCTGC,TATTTTCTATTTAATAACACCTGTTCATGTCATGTCTAAACATACTGACTTTTCAAGTGAAATCATAGGATACAAGGCTATTGATGGTGGTGTCACTCGTGACATAGCATCTACAGATACTTGTTTTGCTAACAAACATGCTGATTTTGACACATGGTTTAGCCAGCGTGGTGGTAGTTATACTAATGACAAAGCTTGCCCATTGATTGCTGCAGTCATAACAAGAGAAGTGGGTTTTGTCGTGCCTGGTTTGCCTGGCACGATATTACGCACAACTAATGGTGACTTTTTGCATTTCTTACCTAGAGTTTTTAGTGCAGTTGGTAACATCTGTT,1.0,nCoV-2019_29_1
MN908947.3,9245,9271,nCoV-2019_30_RIGHT,2,-,ACCACTAGTAGATACACAAACACCAG,RIGHT,nCoV-2019_30,nCoV-2019_30_LEFT,8888,8913,GCACAACTAATGGTGACTTTTTGCA,TTTCTTACCTAGAGTTTTTAGTGCAGTTGGTAACATCTGTTACACACCATCAAAACTTATAGAGTACACTGACTTTGCAACATCAGCTTGTGTTTTGGCTGCTGAATGTACAATTTTTAAAGATGCTTCTGGTAAGCCAGTACCATATTGTTATGATACCAATGTACTAGAAGGTTCTGTTGCTTATGAAAGTTTACGCCCTGACACACGTTATGTGCTCATGGATGGCTCTATTATTCAATTTCCTAACACCTACCTTGAAGGTTCTGTTAGAGTGGTAACAACTTTTGATTCTGAGTACTGTAGGCACGGCACTTGTGAAAGATCAGAAG,1.0,nCoV-2019_30_1
MN908947.3,9557,9585,nCoV-2019_31_RIGHT,1,-,ACAGAATAAACACCAGGTAAGAATGAGT,RIGHT,nCoV-2019_31,nCoV-2019_31_LEFT,9204,9226,TTCTGAGTACTGTAGGCACGGC,ACTTGTGAAAGATCAGAAGCTGGTGTTTGTGTATCTACTAGTGGTAGATGGGTACTTAACAATGATTATTACAGATCTTTACCAGGAGTTTTCTGTGGTGTAGATGCTGTAAATTTACTTACTAATATGTTTACACCACTAATTCAACCTATTGGTGCTTTGGACATATCAGCATCTATAGTAGCTGGTGGTATTGTAGCTATCGTAGTAACATGCCTTGCCTACTATTTTATGAGGTTTAGAAGAGCTTTTGGTGAATACAGTCATGTAGTTGCCTTTAATACTTTACTATTCCTTATGTCATTCACTGTACTCTGTTTAACACCAGTTT,1.0,nCoV-2019_31_1
MN908947.3,9834,9858,nCoV-2019_32_RIGHT,2,-,AGCACATCACTACGCAACTTTAGA,RIGHT,nCoV-2019_32,nCoV-2019_32_LEFT,9477,9502,TGGTGAATACAGTCATGTAGTTGCC,TTTAATACTTTACTATTCCTTATGTCATTCACTGTACTCTGTTTAACACCAGTTTACTCATTCTTACCTGGTGTTTATTCTGTTATTTACTTGTACTTGACATTTTATCTTACTAATGATGTTTCTTTTTTAGCACATATTCAGTGGATGGTTATGTTCACACCTTTAGTACCTTTCTGGATAACAATTGCTTATATCATTTGTATTTCCACAAAGCATTTCTATTGGTTCTTTAGTAATTACCTAAAGAGACGTGTAGTCTTTAATGGTGTTTCCTTTAGTACTTTTGAAGAAGCTGCGCTGTGCACCTTTTTGTTAAATAAAGAAATGTA,1.0,nCoV-2019_32_1
MN908947.3,10146,10171,nCoV-2019_33_RIGHT,1,-,TGGACAGTAAACTACGTCATCAAGC,RIGHT,nCoV-2019_33,nCoV-2019_33_LEFT,9784,9806,ACTTTTGAAGAAGCTGCGCTGT,GCACCTTTTTGTTAAATAAAGAAATGTATCTAAAGTTGCGTAGTGATGTGCTATTACCTCTTACGCAATATAATAGATACTTAGCTCTTTATAATAAGTACAAGTATTTTAGTGGAGCAATGGATACAACTAGCTACAGAGAAGCTGCTTGTTGTCATCTCGCAAAGGCTCTCAATGACTTCAGTAACTCAGGTTCTGATGTTCTTTACCAACCACCACAAACCTCTATCACCTCAGCTGTTTTGCAGAGTGGTTTTAGAAAAATGGCATTCCCATCTGGTAAAGTTGAGGGTTGTATGGTACAAGTAACTTGTGGTACAACTACACTTAACGGTCTTTG,1.0,nCoV-2019_33_1
MN908947.3,10437,10459,nCoV-2019_34_RIGHT,2,-,AGTGAAATTGGGCCTCATAGCA,RIGHT,nCoV-2019_34,nCoV-2019_34_LEFT,10076,10099,TCCCATCTGGTAAAGTTGAGGGT,TGTATGGTACAAGTAACTTGTGGTACAACTACACTTAACGGTCTTTGGCTTGATGACGTAGTTTACTGTCCAAGACATGTGATCTGCACCTCTGAAGACATGCTTAACCCTAATTATGAAGATTTACTCATTCGTAAGTCTAATCATAATTTCTTGGTACAGGCTGGTAATGTTCAACTCAGGGTTATTGGACATTCTATGCAAAATTGTGTACTTAAGCTTAAGGTTGATACAGCCAATCCTAAGACACCTAAGTATAAGTTTGTTCGCATTCAACCAGGACAGACTTTTTCAGTGTTAGCTTGTTACAATGGTTCACCATCTGGTGTTTACCAATG,1.0,nCoV-2019_34_1
MN908947.3,10737,10763,nCoV-2019_35_RIGHT,1,-,ACTTCATAGCCACAAGGTTAAAGTCA,RIGHT,nCoV-2019_35,nCoV-2019_35_LEFT,10362,10384,TGTTCGCATTCAACCAGGACAG,ACTTTTTCAGTGTTAGCTTGTTACAATGGTTCACCATCTGGTGTTTACCAATGTGCTATGAGGCCCAATTTCACTATTAAGGGTTCATTCCTTAATGGTTCATGTGGTAGTGTTGGTTTTAACATAGATTATGACTGTGTCTCTTTTTGTTACATGCACCATATGGAATTACCAACTGGAGTTCATGCTGGCACAGACTTAGAAGGTAACTTTTATGGACCTTTTGTTGACAGGCAAACAGCACAAGCAGCTGGTACGGACACAACTATTACAGTTAATGTTTTAGCTTGGTTGTACGCTGCTGTTATAAATGGAGACAGGTGGTTTCTCAATCGATTTACCACAACTCTTAA,1.0,nCoV-2019_35_1
MN908947.3,11048,11074,nCoV-2019_36_RIGHT,2,-,GAACAAAGACCATTGAGTACTCTGGA,RIGHT,nCoV-2019_36,nCoV-2019_36_LEFT,10666,10688,TTAGCTTGGTTGTACGCTGCTG,TTATAAATGGAGACAGGTGGTTTCTCAATCGATTTACCACAACTCTTAATGACTTTAACCTTGTGGCTATGAAGTACAATTATGAACCTCTAACACAAGACCATGTTGACATACTAGGACCTCTTTCTGCTCAAACTGGAATTGCCGTTTTAGATATGTGTGCTTCATTAAAAGAATTACTGCAAAATGGTATGAATGGACGTACCATATTGGGTAGTGCTTTATTAGAAGATGAATTTACACCTTTTGATGTTGTTAGACAATGCTCAGGTGTTACTTTCCAAAGTGCAGTGAAAAGAACAATCAAGGGTACACACCACTGGTTGTTACTCACAATTTTGACTTCACTTTTAGTTTTAG,1.0,nCoV-2019_36_1
MN908947.3,11372,11394,nCoV-2019_37_RIGHT,1,-,GTCCACACTCTCCTAGCACCAT,RIGHT,nCoV-2019_37,nCoV-2019_37_LEFT,10999,11022,ACACACCACTGGTTGTTACTCAC,AATTTTGACTTCACTTTTAGTTTTAGTCCAGAGTACTCAATGGTCTTTGTTCTTTTTTTTGTATGAAAATGCCTTTTTACCTTTTGCTATGGGTATTATTGCTATGTCTGCTTTTGCAATGATGTTTGTCAAACATAAGCATGCATTTCTCTGTTTGTTTTTGTTACCTTCTCTTGCCACTGTAGCTTATTTTAATATGGTCTATATGCCTGCTAGTTGGGTGATGCGTATTATGACATGGTTGGATATGGTTGATACTAGTTTGTCTGGTTTTAAGCTAAAAGACTGTGTTATGTATGCATCAGCTGTAGTGTTACTAATCCTTATGACAGCAAGAACTGTGTATGATG,1.0,nCoV-2019_37_1
MN908947.3,11668,11693,nCoV-2019_38_RIGHT,2,-,CACCAAGAGTCAGTCTAAAGTAGCG,RIGHT,nCoV-2019_38,nCoV-2019_38_LEFT,11306,11331,ACTGTGTTATGTATGCATCAGCTGT,AGTGTTACTAATCCTTATGACAGCAAGAACTGTGTATGATGATGGTGCTAGGAGAGTGTGGACACTTATGAATGTCTTGACACTCGTTTATAAAGTTTATTATGGTAATGCTTTAGATCAAGCCATTTCCATGTGGGCTCTTATAATCTCTGTTACTTCTAACTACTCAGGTGTAGTTACAACTGTCATGTTTTTGGCCAGAGGTATTGTTTTTATGTGTGTTGAGTATTGCCCTATTTTCTTCATAACTGGTAATACACTTCAGTGTATAATGCTAGTTTATTGTTTCTTAGGCTATTTTTGTACTTGTTACTTTGGCCTCTTTTGTTTACTCAAC,1.0,nCoV-2019_38_1
MN908947.3,11927,11949,nCoV-2019_39_RIGHT,1,-,TGTAACTGGACACATTGAGCCC,RIGHT,nCoV-2019_39,nCoV-2019_39_LEFT,11555,11584,AGTATTGCCCTATTTTCTTCATAACTGGT,AATACACTTCAGTGTATAATGCTAGTTTATTGTTTCTTAGGCTATTTTTGTACTTGTTACTTTGGCCTCTTTTGTTTACTCAACCGCTACTTTAGACTGACTCTTGGTGTTTATGATTACTTAGTTTCTACACAGGAGTTTAGATATATGAATTCACAGGGACTACTCCCACCCAAGAATAGCATAGATGCCTTCAAACTCAACATTAAATTGTTGGGTGTTGGTGGCAAACCTTGTATCAAAGTAGCCACTGTACAGTCTAAAATGTCAGATGTAAAGTGCACATCAGTAGTCTTACTCTCAGTTTTGCAACAACTCAGAGTAGAATCATCATCTAAATTGT,1.0,nCoV-2019_39_1
MN908947.3,12234,12256,nCoV-2019_40_RIGHT,2,-,CATGGCTGCATCACGGTCAAAT,RIGHT,nCoV-2019_40,nCoV-2019_40_LEFT,11863,11889,TGCACATCAGTAGTCTTACTCTCAGT,TTTGCAACAACTCAGAGTAGAATCATCATCTAAATTGTGGGCTCAATGTGTCCAGTTACACAATGACATTCTCTTAGCTAAAGATACTACTGAAGCCTTTGAAAAAATGGTTTCACTACTTTCTGTTTTGCTTTCCATGCAGGGTGCTGTAGACATAAACAAGCTTTGTGAAGAAATGCTGGACAACAGGGCAACCTTACAAGCTATAGCCTCAGAGTTTAGTTCCCTTCCATCATATGCAGCTTTTGCTACTGCTCAAGAAGCTTATGAGCAGGCTGTTGCTAATGGTGATTCTGAAGTTGTTCTTAAAAAGTTGAAGAAGTCTTTGAATGTGGCTAAATCTGA,1.0,nCoV-2019_40_1
MN908947.3,12465,12490,nCoV-2019_41_RIGHT,1,-,TGGTATGACAACCATTAGTTTGGCT,RIGHT,nCoV-2019_41,nCoV-2019_41_LEFT,12110,12133,GTTCCCTTCCATCATATGCAGCT,TTTGCTACTGCTCAAGAAGCTTATGAGCAGGCTGTTGCTAATGGTGATTCTGAAGTTGTTCTTAAAAAGTTGAAGAAGTCTTTGAATGTGGCTAAATCTGAATTTGACCGTGATGCAGCCATGCAACGTAAGTTGGAAAAGATGGCTGATCAAGCTATGACCCAAATGTATAAACAGGCTAGATCTGAGGACAAGAGGGCAAAAGTTACTAGTGCTATGCAGACAATGCTTTTCACTATGCTTAGAAAGTTGGATAATGATGCACTCAACAACATTATCAACAATGCAAGAGATGGTTGTGTTCCCTTGAACATAATACCTCTTACAACAGC,1.0,nCoV-2019_41_1
MN908947.3,12779,12802,nCoV-2019_42_RIGHT,2,-,CCTACCTCCCTTTGTTGTGTTGT,RIGHT,nCoV-2019_42,nCoV-2019_42_LEFT,12417,12439,TGCAAGAGATGGTTGTGTTCCC,TTGAACATAATACCTCTTACAACAGCAGCCAAACTAATGGTTGTCATACCAGACTATAACACATATAAAAATACGTGTGATGGTACAACATTTACTTATGCATCAGCATTGTGGGAAATCCAACAGGTTGTAGATGCAGATAGTAAAATTGTTCAACTTAGTGAAATTAGTATGGACAATTCACCTAATTTAGCATGGCCTCTTATTGTAACAGCTTTAAGGGCCAATTCTGCTGTCAAATTACAGAATAATGAGCTTAGTCCTGTTGCACTACGACAGATGTCTTGTGCTGCCGGTACTACACAAACTGCTTGCACTGATGACAATGCGTTAGCTTACT,1.0,nCoV-2019_42_1
MN908947.3,13074,13096,nCoV-2019_43_RIGHT,1,-,AGCAGCATCTACAGCAAAAGCA,RIGHT,nCoV-2019_43,nCoV-2019_43_LEFT,12710,12732,TACGACAGATGTCTTGTGCTGC,CGGTACTACACAAACTGCTTGCACTGATGACAATGCGTTAGCTTACTACAACACAACAAAGGGAGGTAGGTTTGTACTTGCACTGTTATCCGATTTACAGGATTTGAAATGGGCTAGATTCCCTAAGAGTGATGGAACTGGTACTATCTATACAGAACTGGAACCACCTTGTAGGTTTGTTACAGACACACCTAAAGGTCCTAAAGTGAAGTATTTATACTTTATTAAAGGATTAAACAACCTAAATAGAGGTATGGTACTTGGTAGTTTAGCTGCCACAGTACGTCTACAAGCTGGTAATGCAACAGAAGTGCCTGCCAATTCAACTGTATTATCTTTCTG,1.0,nCoV-2019_43_1
MN908947.3,13378,13400,nCoV-2019_44_RIGHT,2,-,AACCTTTCCACATACCGCAGAC,RIGHT,nCoV-2019_44,nCoV-2019_44_LEFT,13005,13027,TGCCACAGTACGTCTACAAGCT,GGTAATGCAACAGAAGTGCCTGCCAATTCAACTGTATTATCTTTCTGTGCTTTTGCTGTAGATGCTGCTAAAGCTTACAAAGATTATCTAGCTAGTGGGGGACAACCAATCACTAATTGTGTTAAGATGTTGTGTACACACACTGGTACTGGTCAGGCAATAACAGTTACACCGGAAGCCAATATGGATCAAGAATCCTTTGGTGGTGCATCGTGTTGTCTGTACTGCCGTTGCCACATAGATCATCCAAATCCTAAAGGATTTTGTGACTTAAAAGGTAAGTATGTACAAATACCTACAACTTGTGCTAATGACCCTGTGGGTTTTACACTTAAAAACACAGTCTGTACC,1.0,nCoV-2019_44_1
MN908947.3,13378,13400,nCoV-2019_44_RIGHT,2,-,AACCTTTCCACATACCGCAGAC,RIGHT,nCoV-2019_44,nCoV-2019_44_LEFT_alt3,13007,13029,CCACAGTACGTCTACAAGCTGG,TAATGCAACAGAAGTGCCTGCCAATTCAACTGTATTATCTTTCTGTGCTTTTGCTGTAGATGCTGCTAAAGCTTACAAAGATTATCTAGCTAGTGGGGGACAACCAATCACTAATTGTGTTAAGATGTTGTGTACACACACTGGTACTGGTCAGGCAATAACAGTTACACCGGAAGCCAATATGGATCAAGAATCCTTTGGTGGTGCATCGTGTTGTCTGTACTGCCGTTGCCACATAGATCATCCAAATCCTAAAGGATTTTGTGACTTAAAAGGTAAGTATGTACAAATACCTACAACTTGTGCTAATGACCCTGTGGGTTTTACACTTAAAAACACAGTCTGTACC,2.0,nCoV-2019_44_2
MN908947.3,13363,13385,nCoV-2019_44_RIGHT_alt0,2,-,CGCAGACGGTACAGACTGTGTT,RIGHT,nCoV-2019_44,nCoV-2019_44_LEFT,13005,13027,TGCCACAGTACGTCTACAAGCT,GGTAATGCAACAGAAGTGCCTGCCAATTCAACTGTATTATCTTTCTGTGCTTTTGCTGTAGATGCTGCTAAAGCTTACAAAGATTATCTAGCTAGTGGGGGACAACCAATCACTAATTGTGTTAAGATGTTGTGTACACACACTGGTACTGGTCAGGCAATAACAGTTACACCGGAAGCCAATATGGATCAAGAATCCTTTGGTGGTGCATCGTGTTGTCTGTACTGCCGTTGCCACATAGATCATCCAAATCCTAAAGGATTTTGTGACTTAAAAGGTAAGTATGTACAAATACCTACAACTTGTGCTAATGACCCTGTGGGTTTTACACTTAAA,3.0,nCoV-2019_44_3
MN908947.3,13363,13385,nCoV-2019_44_RIGHT_alt0,2,-,CGCAGACGGTACAGACTGTGTT,RIGHT,nCoV-2019_44,nCoV-2019_44_LEFT_alt3,13007,13029,CCACAGTACGTCTACAAGCTGG,TAATGCAACAGAAGTGCCTGCCAATTCAACTGTATTATCTTTCTGTGCTTTTGCTGTAGATGCTGCTAAAGCTTACAAAGATTATCTAGCTAGTGGGGGACAACCAATCACTAATTGTGTTAAGATGTTGTGTACACACACTGGTACTGGTCAGGCAATAACAGTTACACCGGAAGCCAATATGGATCAAGAATCCTTTGGTGGTGCATCGTGTTGTCTGTACTGCCGTTGCCACATAGATCATCCAAATCCTAAAGGATTTTGTGACTTAAAAGGTAAGTATGTACAAATACCTACAACTTGTGCTAATGACCCTGTGGGTTTTACACTTAAA,4.0,nCoV-2019_44_4
MN908947.3,13669,13699,nCoV-2019_45_RIGHT,1,-,AAATTGTTTCTTCATGTTGGTAGTTAGAGA,RIGHT,nCoV-2019_45,nCoV-2019_45_LEFT,13319,13344,TACCTACAACTTGTGCTAATGACCC,TGTGGGTTTTACACTTAAAAACACAGTCTGTACCGTCTGCGGTATGTGGAAAGGTTATGGCTGTAGTTGTGATCAACTCCGCGAACCCATGCTTCAGTCAGCTGATGCACAATCGTTTTTAAACGGGTTTGCGGTGTAAGTGCAGCCCGTCTTACACCGTGCGGCACAGGCACTAGTACTGATGTCGTATACAGGGCTTTTGACATCTACAATGATAAAGTAGCTGGTTTTGCTAAATTCCTAAAAACTAATTGTTGTCGCTTCCAAGAAAAGGACGAAGATGACAATTTAATTGATTCTTACTTTGTAGTTAAGAGACACACTT,1.0,nCoV-2019_45_1
MN908947.3,13669,13699,nCoV-2019_45_RIGHT,1,-,AAATTGTTTCTTCATGTTGGTAGTTAGAGA,RIGHT,nCoV-2019_45,nCoV-2019_45_LEFT_alt2,13307,13336,AGTATGTACAAATACCTACAACTTGTGCT,AATGACCCTGTGGGTTTTACACTTAAAAACACAGTCTGTACCGTCTGCGGTATGTGGAAAGGTTATGGCTGTAGTTGTGATCAACTCCGCGAACCCATGCTTCAGTCAGCTGATGCACAATCGTTTTTAAACGGGTTTGCGGTGTAAGTGCAGCCCGTCTTACACCGTGCGGCACAGGCACTAGTACTGATGTCGTATACAGGGCTTTTGACATCTACAATGATAAAGTAGCTGGTTTTGCTAAATTCCTAAAAACTAATTGTTGTCGCTTCCAAGAAAAGGACGAAGATGACAATTTAATTGATTCTTACTTTGTAGTTAAGAGACACACTT,2.0,nCoV-2019_45_2
MN908947.3,13660,13689,nCoV-2019_45_RIGHT_alt7,1,-,TTCATGTTGGTAGTTAGAGAAAGTGTGTC,RIGHT,nCoV-2019_45,nCoV-2019_45_LEFT,13319,13344,TACCTACAACTTGTGCTAATGACCC,TGTGGGTTTTACACTTAAAAACACAGTCTGTACCGTCTGCGGTATGTGGAAAGGTTATGGCTGTAGTTGTGATCAACTCCGCGAACCCATGCTTCAGTCAGCTGATGCACAATCGTTTTTAAACGGGTTTGCGGTGTAAGTGCAGCCCGTCTTACACCGTGCGGCACAGGCACTAGTACTGATGTCGTATACAGGGCTTTTGACATCTACAATGATAAAGTAGCTGGTTTTGCTAAATTCCTAAAAACTAATTGTTGTCGCTTCCAAGAAAAGGACGAAGATGACAATTTAATTGATTCTTACTTTGTAGTTAAGA,3.0,nCoV-2019_45_3
MN908947.3,13660,13689,nCoV-2019_45_RIGHT_alt7,1,-,TTCATGTTGGTAGTTAGAGAAAGTGTGTC,RIGHT,nCoV-2019_45,nCoV-2019_45_LEFT_alt2,13307,13336,AGTATGTACAAATACCTACAACTTGTGCT,AATGACCCTGTGGGTTTTACACTTAAAAACACAGTCTGTACCGTCTGCGGTATGTGGAAAGGTTATGGCTGTAGTTGTGATCAACTCCGCGAACCCATGCTTCAGTCAGCTGATGCACAATCGTTTTTAAACGGGTTTGCGGTGTAAGTGCAGCCCGTCTTACACCGTGCGGCACAGGCACTAGTACTGATGTCGTATACAGGGCTTTTGACATCTACAATGATAAAGTAGCTGGTTTTGCTAAATTCCTAAAAACTAATTGTTGTCGCTTCCAAGAAAAGGACGAAGATGACAATTTAATTGATTCTTACTTTGTAGTTAAGA,4.0,nCoV-2019_45_4
MN908947.3,13962,13984,nCoV-2019_46_RIGHT,2,-,CACGTTCACCTAAGTTGGCGTA,RIGHT,nCoV-2019_46,nCoV-2019_46_LEFT,13599,13621,TGTCGCTTCCAAGAAAAGGACG,AAGATGACAATTTAATTGATTCTTACTTTGTAGTTAAGAGACACACTTTCTCTAACTACCAACATGAAGAAACAATTTATAATTTACTTAAGGATTGTCCAGCTGTTGCTAAACATGACTTCTTTAAGTTTAGAATAGACGGTGACATGGTACCACATATATCACGTCAACGTCTTACTAAATACACAATGGCAGACCTCGTCTATGCTTTAAGGCATTTTGATGAAGGTAATTGTGACACATTAAAAGAAATACTTGTCACATACAATTGTTGTGATGATGATTATTTCAATAAAAAGGACTGGTATGATTTTGTAGAAAACCCAGATATATTACGCGTA,1.0,nCoV-2019_46_1
MN908947.3,13962,13984,nCoV-2019_46_RIGHT,2,-,CACGTTCACCTAAGTTGGCGTA,RIGHT,nCoV-2019_46,nCoV-2019_46_LEFT_alt1,13602,13625,CGCTTCCAAGAAAAGGACGAAGA,TGACAATTTAATTGATTCTTACTTTGTAGTTAAGAGACACACTTTCTCTAACTACCAACATGAAGAAACAATTTATAATTTACTTAAGGATTGTCCAGCTGTTGCTAAACATGACTTCTTTAAGTTTAGAATAGACGGTGACATGGTACCACATATATCACGTCAACGTCTTACTAAATACACAATGGCAGACCTCGTCTATGCTTTAAGGCATTTTGATGAAGGTAATTGTGACACATTAAAAGAAATACTTGTCACATACAATTGTTGTGATGATGATTATTTCAATAAAAAGGACTGGTATGATTTTGTAGAAAACCCAGATATATTACGCGTA,2.0,nCoV-2019_46_2
MN908947.3,13961,13984,nCoV-2019_46_RIGHT_alt2,2,-,CACGTTCACCTAAGTTGGCGTAT,RIGHT,nCoV-2019_46,nCoV-2019_46_LEFT,13599,13621,TGTCGCTTCCAAGAAAAGGACG,AAGATGACAATTTAATTGATTCTTACTTTGTAGTTAAGAGACACACTTTCTCTAACTACCAACATGAAGAAACAATTTATAATTTACTTAAGGATTGTCCAGCTGTTGCTAAACATGACTTCTTTAAGTTTAGAATAGACGGTGACATGGTACCACATATATCACGTCAACGTCTTACTAAATACACAATGGCAGACCTCGTCTATGCTTTAAGGCATTTTGATGAAGGTAATTGTGACACATTAAAAGAAATACTTGTCACATACAATTGTTGTGATGATGATTATTTCAATAAAAAGGACTGGTATGATTTTGTAGAAAACCCAGATATATTACGCGT,3.0,nCoV-2019_46_3
MN908947.3,13961,13984,nCoV-2019_46_RIGHT_alt2,2,-,CACGTTCACCTAAGTTGGCGTAT,RIGHT,nCoV-2019_46,nCoV-2019_46_LEFT_alt1,13602,13625,CGCTTCCAAGAAAAGGACGAAGA,TGACAATTTAATTGATTCTTACTTTGTAGTTAAGAGACACACTTTCTCTAACTACCAACATGAAGAAACAATTTATAATTTACTTAAGGATTGTCCAGCTGTTGCTAAACATGACTTCTTTAAGTTTAGAATAGACGGTGACATGGTACCACATATATCACGTCAACGTCTTACTAAATACACAATGGCAGACCTCGTCTATGCTTTAAGGCATTTTGATGAAGGTAATTGTGACACATTAAAAGAAATACTTGTCACATACAATTGTTGTGATGATGATTATTTCAATAAAAAGGACTGGTATGATTTTGTAGAAAACCCAGATATATTACGCGT,4.0,nCoV-2019_46_4
MN908947.3,14271,14299,nCoV-2019_47_RIGHT,1,-,AATAACGGTCAAAGAGTTTTAACCTCTC,RIGHT,nCoV-2019_47,nCoV-2019_47_LEFT,13918,13946,AGGACTGGTATGATTTTGTAGAAAACCC,AGATATATTACGCGTATACGCCAACTTAGGTGAACGTGTACGCCAAGCTTTGTTAAAAACAGTACAATTCTGTGATGCCATGCGAAATGCTGGTATTGTTGGTGTACTGACATTAGATAATCAAGATCTCAATGGTAACTGGTATGATTTCGGTGATTTCATACAAACCACGCCAGGTAGTGGAGTTCCTGTTGTAGATTCTTATTATTCATTGTTAATGCCTATATTAACCTTGACCAGGGCTTTAACTGCAGAGTCACATGTTGACACTGACTTAACAAAGCCTTACATTAAGTGGGATTTGTTAAAATATGACTTCACGGAA,1.0,nCoV-2019_47_1
MN908947.3,14579,14601,nCoV-2019_48_RIGHT,2,-,TAGATTACCAGAAGCAGCGTGC,RIGHT,nCoV-2019_48,nCoV-2019_48_LEFT,14207,14232,TGTTGACACTGACTTAACAAAGCCT,TACATTAAGTGGGATTTGTTAAAATATGACTTCACGGAAGAGAGGTTAAAACTCTTTGACCGTTATTTTAAATATTGGGATCAGACATACCACCCAAATTGTGTTAACTGTTTGGATGACAGATGCATTCTGCATTGTGCAAACTTTAATGTTTTATTCTCTACAGTGTTCCCACCTACAAGTTTTGGACCACTAGTGAGAAAAATATTTGTTGATGGTGTTCCATTTGTAGTTTCAACTGGATACCACTTCAGAGAGCTAGGTGTTGTACATAATCAGGATGTAAACTTACATAGCTCTAGACTTAGTTTTAAGGAATTACTTGTGTATGCTGCTGACCCTGCTAT,1.0,nCoV-2019_48_1
MN908947.3,14898,14926,nCoV-2019_49_RIGHT,1,-,TGACGATGACTTGGTTAGCATTAATACA,RIGHT,nCoV-2019_49,nCoV-2019_49_LEFT,14545,14570,AGGAATTACTTGTGTATGCTGCTGA,CCCTGCTATGCACGCTGCTTCTGGTAATCTATTACTAGATAAACGCACTACGTGCTTTTCAGTAGCTGCACTTACTAACAATGTTGCTTTTCAAACTGTCAAACCCGGTAATTTTAACAAAGACTTCTATGACTTTGCTGTGTCTAAGGGTTTCTTTAAGGAAGGAAGTTCTGTTGAATTAAAACACTTCTTCTTTGCTCAGGATGGTAATGCTGCTATCAGCGATTATGACTACTATCGTTATAATCTACCAACAATGTGTGATATCAGACAACTACTATTTGTAGTTGAAGTTGTTGATAAGTACTTTGATTGTTACGATGGTGGC,1.0,nCoV-2019_49_1
MN908947.3,15224,15246,nCoV-2019_50_RIGHT,2,-,TAACATGTTGTGCCAACCACCA,RIGHT,nCoV-2019_50,nCoV-2019_50_LEFT,14865,14895,GTTGATAAGTACTTTGATTGTTACGATGGT,GGCTGTATTAATGCTAACCAAGTCATCGTCAACAACCTAGACAAATCAGCTGGTTTTCCATTTAATAAATGGGGTAAGGCTAGACTTTATTATGATTCAATGAGTTATGAGGATCAAGATGCACTTTTCGCATATACAAAACGTAATGTCATCCCTACTATAACTCAAATGAATCTTAAGTATGCCATTAGTGCAAAGAATAGAGCTCGCACCGTAGCTGGTGTCTCTATCTGTAGTACTATGACCAATAGACAGTTTCATCAAAAATTATTGAAATCAATAGCCGCCACTAGAGGAGCTACTGTAGTAATTGGAACAAGCAAATTCTA,1.0,nCoV-2019_50_1
MN908947.3,15538,15560,nCoV-2019_51_RIGHT,1,-,AGTGCATTAACATTGGCCGTGA,RIGHT,nCoV-2019_51,nCoV-2019_51_LEFT,15171,15193,TCAATAGCCGCCACTAGAGGAG,CTACTGTAGTAATTGGAACAAGCAAATTCTATGGTGGTTGGCACAACATGTTAAAAACTGTTTATAGTGATGTAGAAAACCCTCACCTTATGGGTTGGGATTATCCTAAATGTGATAGAGCCATGCCTAACATGCTTAGAATTATGGCCTCACTTGTTCTTGCTCGCAAACATACAACGTGTTGTAGCTTGTCACACCGTTTCTATAGATTAGCTAATGAGTGTGCTCAAGTATTGAGTGAAATGGTCATGTGTGGCGGTTCACTATATGTTAAACCAGGTGGAACCTCATCAGGAGATGCCACAACTGCTTATGCTAATAGTGTTTTTAACATTTGTCAAGCTG,1.0,nCoV-2019_51_1
MN908947.3,15861,15886,nCoV-2019_52_RIGHT,2,-,GTTGAGAGCAAAATTCATGAGGTCC,RIGHT,nCoV-2019_52,nCoV-2019_52_LEFT,15481,15503,CATCAGGAGATGCCACAACTGC,TTATGCTAATAGTGTTTTTAACATTTGTCAAGCTGTCACGGCCAATGTTAATGCACTTTTATCTACTGATGGTAACAAAATTGCCGATAAGTATGTCCGCAATTTACAACACAGACTTTATGAGTGTCTCTATAGAAATAGAGATGTTGACACAGACTTTGTGAATGAGTTTTACGCATATTTGCGTAAACATTTCTCAATGATGATACTCTCTGACGATGCTGTTGTGTGTTTCAATAGCACTTATGCATCTCAAGGTCTAGTGGCTAGCATAAAGAACTTTAAGTCAGTTCTTTATTATCAAAACAATGTTTTTATGTCTGAAGCAAAATGTTGGACTGAGACTGACCTTACTAAA,1.0,nCoV-2019_52_1
MN908947.3,16186,16209,nCoV-2019_53_RIGHT,1,-,AGCCTCATAAAACTCAGGTTCCC,RIGHT,nCoV-2019_53,nCoV-2019_53_LEFT,15827,15851,AGCAAAATGTTGGACTGAGACTGA,CCTTACTAAAGGACCTCATGAATTTTGCTCTCAACATACAATGCTAGTTAAACAGGGTGATGATTATGTGTACCTTCCTTACCCAGATCCATCAAGAATCCTAGGGGCCGGCTGTTTTGTAGATGATATCGTAAAAACAGATGGTACACTTATGATTGAACGGTTCGTGTCTTTAGCTATAGATGCTTACCCACTTACTAAACATCCTAATCAGGAGTATGCTGATGTCTTTCATTTGTACTTACAATACATAAGAAAGCTACATGATGAGTTAACAGGACACATGTTAGACATGTATTCTGTTATGCTTACTAATGATAACACTTCAAGGTATT,1.0,nCoV-2019_53_1
MN908947.3,16485,16510,nCoV-2019_54_RIGHT,2,-,AACCAAAAACTTGTCCATTAGCACA,RIGHT,nCoV-2019_54,nCoV-2019_54_LEFT,16118,16144,TGAGTTAACAGGACACATGTTAGACA,TGTATTCTGTTATGCTTACTAATGATAACACTTCAAGGTATTGGGAACCTGAGTTTTATGAGGCTATGTACACACCGCATACAGTCTTACAGGCTGTTGGGGCTTGTGTTCTTTGCAATTCACAGACTTCATTAAGATGTGGTGCTTGCATACGTAGACCATTCTTATGTTGTAAATGCTGTTACGACCATGTCATATCAACATCACATAAATTAGTCTTGTCTGTTAATCCGTATGTTTGCAATGCTCCAGGTTGTGATGTCACAGATGTGACTCAACTTTACTTAGGAGGTATGAGCTATTATTGTAAATCACATAAACCACCCATTAGTTTTCCATTG,1.0,nCoV-2019_54_1
MN908947.3,16804,16833,nCoV-2019_55_RIGHT,1,-,GGTGTACTCTCCTATTTGTACTTTACTGT,RIGHT,nCoV-2019_55,nCoV-2019_55_LEFT,16416,16444,ACTCAACTTTACTTAGGAGGTATGAGCT,ATTATTGTAAATCACATAAACCACCCATTAGTTTTCCATTGTGTGCTAATGGACAAGTTTTTGGTTTATATAAAAATACATGTGTTGGTAGCGATAATGTTACTGACTTTAATGCAATTGCAACATGTGACTGGACAAATGCTGGTGATTACATTTTAGCTAACACCTGTACTGAAAGACTCAAGCTTTTTGCAGCAGAAACGCTCAAAGCTACTGAGGAGACATTTAAACTGTCTTATGGTATTGCTACTGTACGTGAAGTGCTGTCTGACAGAGAATTACATCTTTCATGGGAAGTTGGTAAACCTAGACCACCACTTAACCGAAATTATGTCTTTACTGGTTATCGTGTAACTAAAA,1.0,nCoV-2019_55_1
MN908947.3,17130,17152,nCoV-2019_56_RIGHT,2,-,ACACTATGCGAGCAGAAGGGTA,RIGHT,nCoV-2019_56,nCoV-2019_56_LEFT,16748,16770,ACCTAGACCACCACTTAACCGA,AATTATGTCTTTACTGGTTATCGTGTAACTAAAAACAGTAAAGTACAAATAGGAGAGTACACCTTTGAAAAAGGTGACTATGGTGATGCTGTTGTTTACCGAGGTACAACAACTTACAAATTAAATGTTGGTGATTATTTTGTGCTGACATCACATACAGTAATGCCATTAAGTGCACCTACACTAGTGCCACAAGAGCACTATGTTAGAATTACTGGCTTATACCCAACACTCAATATCTCAGATGAGTTTTCTAGCAATGTTGCAAATTATCAAAAGGTTGGTATGCAAAAGTATTCTACACTCCAGGGACCACCTGGTACTGGTAAGAGTCATTTTGCTATTGGCCTAGCTCTCTAC,1.0,nCoV-2019_56_1
MN908947.3,17430,17452,nCoV-2019_57_RIGHT,1,-,GTAATTGAGCAGGGTCGCCAAT,RIGHT,nCoV-2019_57,nCoV-2019_57_LEFT,17065,17087,ATTCTACACTCCAGGGACCACC,TGGTACTGGTAAGAGTCATTTTGCTATTGGCCTAGCTCTCTACTACCCTTCTGCTCGCATAGTGTATACAGCTTGCTCTCATGCCGCTGTTGATGCACTATGTGAGAAGGCATTAAAATATTTGCCTATAGATAAATGTAGTAGAATTATACCTGCACGTGCTCGTGTAGAGTGTTTTGATAAATTCAAAGTGAATTCAACATTAGAACAGTATGTCTTTTGTACTGTAAATGCATTGCCTGAGACGACAGCAGATATAGTTGTCTTTGATGAAATTTCAATGGCCACAAATTATGATTTGAGTGTTGTCAATGCCAGATTACGTGCTAAGCACTATGTGTAC,1.0,nCoV-2019_57_1
MN908947.3,17738,17761,nCoV-2019_58_RIGHT,2,-,CTTTTCTCCAAGCAGGGTTACGT,RIGHT,nCoV-2019_58,nCoV-2019_58_LEFT,17381,17406,TGATTTGAGTGTTGTCAATGCCAGA,TTACGTGCTAAGCACTATGTGTACATTGGCGACCCTGCTCAATTACCTGCACCACGCACATTGCTAACTAAGGGCACACTAGAACCAGAATATTTCAATTCAGTGTGTAGACTTATGAAAACTATAGGTCCAGACATGTTCCTCGGAACTTGTCGGCGTTGTCCTGCTGAAATTGTTGACACTGTGAGTGCTTTGGTTTATGATAATAAGCTTAAAGCACATAAAGACAAATCAGCTCAATGCTTTAAAATGTTTTATAAGGGTGTTATCACGCATGATGTTTCATCTGCAATTAACAGGCCACAAATAGGCGTGGTAAGAGAATTCCTTAC,1.0,nCoV-2019_58_1
MN908947.3,18036,18062,nCoV-2019_59_RIGHT,1,-,AAGAGTCCTGTTACATTTTCAGCTTG,RIGHT,nCoV-2019_59,nCoV-2019_59_LEFT,17674,17697,TCACGCATGATGTTTCATCTGCA,ATTAACAGGCCACAAATAGGCGTGGTAAGAGAATTCCTTACACGTAACCCTGCTTGGAGAAAAGCTGTCTTTATTTCACCTTATAATTCACAGAATGCTGTAGCCTCAAAGATTTTGGGACTACCAACTCAAACTGTTGATTCATCACAGGGCTCAGAATATGACTATGTCATATTCACTCAAACCACTGAAACAGCTCACTCTTGTAATGTAAACAGATTTAATGTTGCTATTACCAGAGCAAAAGTAGGCATACTTTGCATAATGTCTGATAGAGACCTTTATGACAAGTTGCAATTTACAAGTCTTGAAATTCCACGTAGGAATGTGGCAACTTTA,1.0,nCoV-2019_59_1
MN908947.3,18324,18348,nCoV-2019_60_RIGHT,2,-,GGTACCAACAGCTTCTCTAGTAGC,RIGHT,nCoV-2019_60,nCoV-2019_60_LEFT,17966,17993,TGATAGAGACCTTTATGACAAGTTGCA,ATTTACAAGTCTTGAAATTCCACGTAGGAATGTGGCAACTTTACAAGCTGAAAATGTAACAGGACTCTTTAAAGATTGTAGTAAGGTAATCACTGGGTTACATCCTACACAGGCACCTACACACCTCAGTGTTGACACTAAATTCAAAACTGAAGGTTTATGTGTTGACATACCTGGCATACCTAAGGACATGACCTATAGAAGACTCATCTCTATGATGGGTTTTAAAATGAATTATCAAGTTAATGGTTACCCTAACATGTTTATCACCCGCGAAGAAGCTATAAGACATGTACGTGCATGGATTGGCTTCGATGTCGAGGGGTGTCAT,1.0,nCoV-2019_60_1
MN908947.3,18650,18672,nCoV-2019_61_RIGHT,1,-,ATCACATAGACAACAGGTGCGC,RIGHT,nCoV-2019_61,nCoV-2019_61_LEFT,18253,18275,TGTTTATCACCCGCGAAGAAGC,TATAAGACATGTACGTGCATGGATTGGCTTCGATGTCGAGGGGTGTCATGCTACTAGAGAAGCTGTTGGTACCAATTTACCTTTACAGCTAGGTTTTTCTACAGGTGTTAACCTAGTTGCTGTACCTACAGGTTATGTTGATACACCTAATAATACAGATTTTTCCAGAGTTAGTGCTAAACCACCGCCTGGAGATCAATTTAAACACCTCATACCACTTATGTACAAAGGACTTCCTTGGAATGTAGTGCGTATAAAGATTGTACAAATGTTAAGTGACACACTTAAAAATCTCTCTGACAGAGTCGTATTTGTCTTATGGGCACATGGCTTTGAGTTGACATCTATGAAGTATTTTGTGAAAATAGGACCTGA,1.0,nCoV-2019_61_1
MN908947.3,18957,18979,nCoV-2019_62_RIGHT,2,-,GTTGAACCTTTCTACAAGCCGC,RIGHT,nCoV-2019_62,nCoV-2019_62_LEFT,18596,18618,GGCACATGGCTTTGAGTTGACA,TCTATGAAGTATTTTGTGAAAATAGGACCTGAGCGCACCTGTTGTCTATGTGATAGACGTGCCACATGCTTTTCCACTGCTTCAGACACTTATGCCTGTTGGCATCATTCTATTGGATTTGATTACGTCTATAATCCGTTTATGATTGATGTTCAACAATGGGGTTTTACAGGTAACCTACAAAGCAACCATGATCTGTATTGTCAAGTCCATGGTAATGCACATGTAGCTAGTTGTGATGCAATCATGACTAGGTGTCTAGCTGTCCACGAGTGCTTTGTTAAGCGTGTTGACTGGACTATTGAATATCCTATAATTGGTGATGAACTGAAGATTAAT,1.0,nCoV-2019_62_1
MN908947.3,19275,19297,nCoV-2019_63_RIGHT,1,-,ACAAACTGCCACCATCACAACC,RIGHT,nCoV-2019_63,nCoV-2019_63_LEFT,18896,18918,TGTTAAGCGTGTTGACTGGACT,ATTGAATATCCTATAATTGGTGATGAACTGAAGATTAATGCGGCTTGTAGAAAGGTTCAACACATGGTTGTTAAAGCTGCATTATTAGCAGACAAATTCCCAGTTCTTCACGACATTGGTAACCCTAAAGCTATTAAGTGTGTACCTCAAGCTGATGTAGAATGGAAGTTCTATGATGCACAGCCTTGTAGTGACAAAGCTTATAAAATAGAAGAATTATTCTATTCTTATGCCACACATTCTGACAAATTCACAGATGGTGTATGCCTATTTTGGAATTGCAATGTCGATAGATATCCTGCTAATTCCATTGTTTGTAGATTTGACACTAGAGTGCTATCTAACCTTAACTTGCCT,1.0,nCoV-2019_63_1
MN908947.3,19591,19616,nCoV-2019_64_RIGHT,2,-,AGTCTTGTAAAAGTGTTCCAGAGGT,RIGHT,nCoV-2019_64,nCoV-2019_64_LEFT,19204,19232,TCGATAGATATCCTGCTAATTCCATTGT,TTGTAGATTTGACACTAGAGTGCTATCTAACCTTAACTTGCCTGGTTGTGATGGTGGCAGTTTGTATGTAAATAAACATGCATTCCACACACCAGCTTTTGATAAAAGTGCTTTTGTTAATTTAAAACAATTACCATTTTTCTATTACTCTGACAGTCCATGTGAGTCTCATGGAAAACAAGTAGTGTCAGATATAGATTATGTACCACTAAAGTCTGCTACGTGTATAACACGTTGCAATTTAGGTGGTGCTGTCTGTAGACATCATGCTAATGAGTACAGATTGTATCTCGATGCTTATAACATGATGATCTCAGCTGGCTTTAGCTTGTGGGTTTACAAACAATTTGATACTTATA,1.0,nCoV-2019_64_1
MN908947.3,19911,19939,nCoV-2019_65_RIGHT,1,-,TGTCAGTCATAGAACAAACACCAATAGT,RIGHT,nCoV-2019_65,nCoV-2019_65_LEFT,19548,19570,GCTGGCTTTAGCTTGTGGGTTT,ACAAACAATTTGATACTTATAACCTCTGGAACACTTTTACAAGACTTCAGAGTTTAGAAAATGTGGCTTTTAATGTTGTAAATAAGGGACACTTTGATGGACAACAGGGTGAAGTACCAGTTTCTATCATTAATAACACTGTTTACACAAAAGTTGATGGTGTTGATGTAGAATTGTTTGAAAATAAAACAACATTACCTGTTAATGTAGCATTTGAGCTTTGGGCTAAGCGCAACATTAAACCAGTACCAGAGGTGAAAATACTCAATAATTTGGGTGTGGACATTGCTGCTAATACTGTGATCTGGGACTACAAAAGAGATGCTCCAGCACATATATCT,1.0,nCoV-2019_65_1
MN908947.3,20231,20255,nCoV-2019_66_RIGHT,2,-,TCAATTTCCATTTGACTCCTGGGT,RIGHT,nCoV-2019_66,nCoV-2019_66_LEFT,19844,19866,GGGTGTGGACATTGCTGCTAAT,ACTGTGATCTGGGACTACAAAAGAGATGCTCCAGCACATATATCTACTATTGGTGTTTGTTCTATGACTGACATAGCCAAGAAACCAACTGAAACGATTTGTGCACCACTCACTGTCTTTTTTGATGGTAGAGTTGATGGTCAAGTAGACTTATTTAGAAATGCCCGTAATGGTGTTCTTATTACAGAAGGTAGTGTTAAAGGTTTACAACCATCTGTAGGTCCCAAACAAGCTAGTCTTAATGGAGTCACATTAATTGGAGAAGCCGTAAAAACACAGTTCAATTATTATAAGAAAGTTGATGGTGTTGTCCAACAATTACCTGAAACTTACTTTACTCAGAGTAGAAATTTACAAGAATTTAA,1.0,nCoV-2019_66_1
MN908947.3,20542,20572,nCoV-2019_67_RIGHT,1,-,CAACCTTAGAAACTACAGATAAATCTTGGG,RIGHT,nCoV-2019_67,nCoV-2019_67_LEFT,20172,20200,GTTGTCCAACAATTACCTGAAACTTACT,TTACTCAGAGTAGAAATTTACAAGAATTTAAACCCAGGAGTCAAATGGAAATTGATTTCTTAGAATTAGCTATGGATGAATTCATTGAACGGTATAAATTAGAAGGCTATGCCTTCGAACATATCGTTTATGGAGATTTTAGTCATAGTCAGTTAGGTGGTTTACATCTACTGATTGGACTAGCTAAACGTTTTAAGGAATCACCTTTTGAATTAGAAGATTTTATTCCTATGGACAGTACAGTTAAAAACTATTTCATAACAGATGCGCAAACAGGTTCATCTAAGTGTGTGTGTTCTGTTATTGATTTATTACTTGATGATTTTGTTGAAATAATAAAAT,1.0,nCoV-2019_67_1
MN908947.3,20867,20890,nCoV-2019_68_RIGHT,2,-,CTCCTTTATCAGAACCAGCACCA,RIGHT,nCoV-2019_68,nCoV-2019_68_LEFT,20472,20496,ACAGGTTCATCTAAGTGTGTGTGT,TCTGTTATTGATTTATTACTTGATGATTTTGTTGAAATAATAAAATCCCAAGATTTATCTGTAGTTTCTAAGGTTGTCAAAGTGACTATTGACTATACAGAAATTTCATTTATGCTTTGGTGTAAAGATGGCCATGTAGAAACATTTTACCCAAAATTACAATCTAGTCAAGCGTGGCAACCGGGTGTTGCTATGCCTAATCTTTACAAAATGCAAAGAATGCTATTAGAAAAGTGTGACCTTCAAAATTATGGTGATAGTGCAACATTACCTAAAGGCATAATGATGAATGTCGCAAAATATACTCAACTGTGTCAATATTTAAACACATTAACATTAGCTGTACCCTATAATATGAGAGTTATACATTT,1.0,nCoV-2019_68_1
MN908947.3,21146,21169,nCoV-2019_69_RIGHT,1,-,TCTTTATAGCCACGGAACCTCCA,RIGHT,nCoV-2019_69,nCoV-2019_69_LEFT,20786,20813,TGTCGCAAAATATACTCAACTGTGTCA,ATATTTAAACACATTAACATTAGCTGTACCCTATAATATGAGAGTTATACATTTTGGTGCTGGTTCTGATAAAGGAGTTGCACCAGGTACAGCTGTTTTAAGACAGTGGTTGCCTACGGGTACGCTGCTTGTCGATTCAGATCTTAATGACTTTGTCTCTGATGCAGATTCAACTTTGATTGGTGATTGTGCAACTGTACATACAGCTAATAAATGGGATCTCATTATTAGTGATATGTACGACCCTAAGACTAAAAATGTTACAAAAGAAAATGACTCTAAAGAGGGTTTTTTCACTTACATTTGTGGGTTTATACAACAAAAGCTAGCTCT,1.0,nCoV-2019_69_1
MN908947.3,21427,21455,nCoV-2019_70_RIGHT,2,-,TGACCTTCTTTTAAAGACATAACAGCAG,RIGHT,nCoV-2019_70,nCoV-2019_70_LEFT,21075,21104,ACAAAAGAAAATGACTCTAAAGAGGGTTT,TTTCACTTACATTTGTGGGTTTATACAACAAAAGCTAGCTCTTGGAGGTTCCGTGGCTATAAAGATAACAGAACATTCTTGGAATGCTGATCTTTATAAGCTCATGGGACACTTCGCATGGTGGACAGCCTTTGTTACTAATGTGAATGCGTCATCATCTGAAGCATTTTTAATTGGATGTAATTATCTTGGCAAACCACGCGAACAAATAGATGGTTATGTCATGCATGCAAATTACATATTTTGGAGGAATACAAATCCAATTCAGTTGTCTTCCTATTCTTTATTTGACATGAGTAAATTTCCCCTTAAATTAAGGGGTA,1.0,nCoV-2019_70_1
MN908947.3,21716,21743,nCoV-2019_71_RIGHT,1,-,TGGAAAAGAAAGGTAAGAACAAGTCCT,RIGHT,nCoV-2019_71,nCoV-2019_71_LEFT,21357,21386,ACAAATCCAATTCAGTTGTCTTCCTATTC,TTTATTTGACATGAGTAAATTTCCCCTTAAATTAAGGGGTACTGCTGTTATGTCTTTAAAAGAAGGTCAAATCAATGATATGATTTTATCTCTTCTTAGTAAAGGTAGACTTATAATTAGAGAAAACAACAGAGTTGTTATTTCTAGTGATGTTCTTGTTAACAACTAAACGAACAATGTTTGTTTTTCTTGTTTTATTGCCACTAGTCTCTAGTCAGTGTGTTAATCTTACAACCAGAACTCAATTACCCCCTGCATACACTAATTCTTTCACACGTGGTGTTTATTACCCTGACAAAGTTTTCAGATCCTCAGTTTTACATTCAACTC,1.0,nCoV-2019_71_1
MN908947.3,22013,22038,nCoV-2019_72_RIGHT,2,-,ACTCTGAACTCACTTTCCATCCAAC,RIGHT,nCoV-2019_72,nCoV-2019_72_LEFT,21658,21682,ACACGTGGTGTTTATTACCCTGAC,AAAGTTTTCAGATCCTCAGTTTTACATTCAACTCAGGACTTGTTCTTACCTTTCTTTTCCAATGTTACTTGGTTCCATGCTATACATGTCTCTGGGACCAATGGTACTAAGAGGTTTGATAACCCTGTCCTACCATTTAATGATGGTGTTTATTTTGCTTCCACTGAGAAGTCTAACATAATAAGAGGCTGGATTTTTGGTACTACTTTAGATTCGAAGACCCAGTCCCTACTTATTGTTAATAACGCTACTAATGTTGTTATTAAAGTCTGTGAATTTCAATTTTGTAATGATCCATTTTTGGGTGTTTATTACCACAAAAACAACAAAA,1.0,nCoV-2019_72_1
MN908947.3,22324,22346,nCoV-2019_73_RIGHT,1,-,CACCAGCTGTCCAACCTGAAGA,RIGHT,nCoV-2019_73,nCoV-2019_73_LEFT,21961,21990,CAATTTTGTAATGATCCATTTTTGGGTGT,TTATTACCACAAAAACAACAAAAGTTGGATGGAAAGTGAGTTCAGAGTTTATTCTAGTGCGAATAATTGCACTTTTGAATATGTCTCTCAGCCTTTTCTTATGGACCTTGAAGGAAAACAGGGTAATTTCAAAAATCTTAGGGAATTTGTGTTTAAGAATATTGATGGTTATTTTAAAATATATTCTAAGCACACGCCTATTAATTTAGTGCGTGATCTCCCTCAGGGTTTTTCGGCTTTAGAACCATTGGTAGATTTGCCAATAGGTATTAACATCACTAGGTTTCAAACTTTACTTGCTTTACATAGAAGTTATTTGACTCCTGGTGATTCT,1.0,nCoV-2019_73_1
MN908947.3,22626,22650,nCoV-2019_74_RIGHT,2,-,GCAACACAGTTGCTGATTCTCTTC,RIGHT,nCoV-2019_74,nCoV-2019_74_LEFT,22262,22290,ACATCACTAGGTTTCAAACTTTACTTGC,TTTACATAGAAGTTATTTGACTCCTGGTGATTCTTCTTCAGGTTGGACAGCTGGTGCTGCAGCTTATTATGTGGGTTATCTTCAACCTAGGACTTTTCTATTAAAATATAATGAAAATGGAACCATTACAGATGCTGTAGACTGTGCACTTGACCCTCTCTCAGAAACAAAGTGTACGTTGAAATCCTTCACTGTAGAAAAAGGAATCTATCAAACTTCTAACTTTAGAGTCCAACCAACAGAATCTATTGTTAGATTTCCTAATATTACAAACTTGTGCCCTTTTGGTGAAGTTTTTAACGCCACCAGATTTGCATCTGTTTATGCTTGGAACAG,1.0,nCoV-2019_74_1
MN908947.3,22877,22903,nCoV-2019_75_RIGHT,1,-,ACCACCAACCTTAGAATCAAGATTGT,RIGHT,nCoV-2019_75,nCoV-2019_75_LEFT,22516,22542,AGAGTCCAACCAACAGAATCTATTGT,TAGATTTCCTAATATTACAAACTTGTGCCCTTTTGGTGAAGTTTTTAACGCCACCAGATTTGCATCTGTTTATGCTTGGAACAGGAAGAGAATCAGCAACTGTGTTGCTGATTATTCTGTCCTATATAATTCCGCATCATTTTCCACTTTTAAGTGTTATGGAGTGTCTCCTACTAAATTAAATGATCTCTGCTTTACTAATGTCTATGCAGATTCATTTGTAATTAGAGGTGATGAAGTCAGACAAATCGCTCCAGGGCAAACTGGAAAGATTGCTGATTATAATTATAAATTACCAGATGATTTTACAGGCTGCGTTATAGCTTGGAATTCTA,1.0,nCoV-2019_75_1
MN908947.3,23192,23214,nCoV-2019_76_RIGHT,2,-,ACACCTGTGCCTGTTAAACCAT,RIGHT,nCoV-2019_76,nCoV-2019_76_LEFT,22797,22819,AGGGCAAACTGGAAAGATTGCT,GATTATAATTATAAATTACCAGATGATTTTACAGGCTGCGTTATAGCTTGGAATTCTAACAATCTTGATTCTAAGGTTGGTGGTAATTATAATTACCTGTATAGATTGTTTAGGAAGTCTAATCTCAAACCTTTTGAGAGAGATATTTCAACTGAAATCTATCAGGCCGGTAGCACACCTTGTAATGGTGTTGAAGGTTTTAATTGTTACTTTCCTTTACAATCATATGGTTTCCAACCCACTAATGGTGTTGGTTACCAACCATACAGAGTAGTAGTACTTTCTTTTGAACTTCTACATGCACCAGCAACTGTTTGTGGACCTAAAAAGTCTACTAATTTGGTTAAAAACAAATGTGTCAATTTCAACTTCA,1.0,nCoV-2019_76_1
MN908947.3,23192,23214,nCoV-2019_76_RIGHT,2,-,ACACCTGTGCCTGTTAAACCAT,RIGHT,nCoV-2019_76,nCoV-2019_76_LEFT_alt3,22798,22821,GGGCAAACTGGAAAGATTGCTGA,TTATAATTATAAATTACCAGATGATTTTACAGGCTGCGTTATAGCTTGGAATTCTAACAATCTTGATTCTAAGGTTGGTGGTAATTATAATTACCTGTATAGATTGTTTAGGAAGTCTAATCTCAAACCTTTTGAGAGAGATATTTCAACTGAAATCTATCAGGCCGGTAGCACACCTTGTAATGGTGTTGAAGGTTTTAATTGTTACTTTCCTTTACAATCATATGGTTTCCAACCCACTAATGGTGTTGGTTACCAACCATACAGAGTAGTAGTACTTTCTTTTGAACTTCTACATGCACCAGCAACTGTTTGTGGACCTAAAAAGTCTACTAATTTGGTTAAAAACAAATGTGTCAATTTCAACTTCA,2.0,nCoV-2019_76_2
MN908947.3,23189,23212,nCoV-2019_76_RIGHT_alt0,2,-,ACCTGTGCCTGTTAAACCATTGA,RIGHT,nCoV-2019_76,nCoV-2019_76_LEFT,22797,22819,AGGGCAAACTGGAAAGATTGCT,GATTATAATTATAAATTACCAGATGATTTTACAGGCTGCGTTATAGCTTGGAATTCTAACAATCTTGATTCTAAGGTTGGTGGTAATTATAATTACCTGTATAGATTGTTTAGGAAGTCTAATCTCAAACCTTTTGAGAGAGATATTTCAACTGAAATCTATCAGGCCGGTAGCACACCTTGTAATGGTGTTGAAGGTTTTAATTGTTACTTTCCTTTACAATCATATGGTTTCCAACCCACTAATGGTGTTGGTTACCAACCATACAGAGTAGTAGTACTTTCTTTTGAACTTCTACATGCACCAGCAACTGTTTGTGGACCTAAAAAGTCTACTAATTTGGTTAAAAACAAATGTGTCAATTTCAACT,3.0,nCoV-2019_76_3
MN908947.3,23189,23212,nCoV-2019_76_RIGHT_alt0,2,-,ACCTGTGCCTGTTAAACCATTGA,RIGHT,nCoV-2019_76,nCoV-2019_76_LEFT_alt3,22798,22821,GGGCAAACTGGAAAGATTGCTGA,TTATAATTATAAATTACCAGATGATTTTACAGGCTGCGTTATAGCTTGGAATTCTAACAATCTTGATTCTAAGGTTGGTGGTAATTATAATTACCTGTATAGATTGTTTAGGAAGTCTAATCTCAAACCTTTTGAGAGAGATATTTCAACTGAAATCTATCAGGCCGGTAGCACACCTTGTAATGGTGTTGAAGGTTTTAATTGTTACTTTCCTTTACAATCATATGGTTTCCAACCCACTAATGGTGTTGGTTACCAACCATACAGAGTAGTAGTACTTTCTTTTGAACTTCTACATGCACCAGCAACTGTTTGTGGACCTAAAAAGTCTACTAATTTGGTTAAAAACAAATGTGTCAATTTCAACT,4.0,nCoV-2019_76_4
MN908947.3,23500,23522,nCoV-2019_77_RIGHT,1,-,CAGCCCCTATTAAACAGCCTGC,RIGHT,nCoV-2019_77,nCoV-2019_77_LEFT,23122,23144,CCAGCAACTGTTTGTGGACCTA,AAAAGTCTACTAATTTGGTTAAAAACAAATGTGTCAATTTCAACTTCAATGGTTTAACAGGCACAGGTGTTCTTACTGAGTCTAACAAAAAGTTTCTGCCTTTCCAACAATTTGGCAGAGACATTGCTGACACTACTGATGCTGTCCGTGATCCACAGACACTTGAGATTCTTGACATTACACCATGTTCTTTTGGTGGTGTCAGTGTTATAACACCAGGAACAAATACTTCTAACCAGGTTGCTGTTCTTTATCAGGATGTTAACTGCACAGAAGTCCCTGTTGCTATTCATGCAGATCAACTTACTCCTACTTGGCGTGTTTATTCTACAGGTTCTAATGTTTTTCAAACACGT,1.0,nCoV-2019_77_1
MN908947.3,23822,23847,nCoV-2019_78_RIGHT,2,-,TGTGTACAAAAACTGCCATATTGCA,RIGHT,nCoV-2019_78,nCoV-2019_78_LEFT,23443,23466,CAACTTACTCCTACTTGGCGTGT,TTATTCTACAGGTTCTAATGTTTTTCAAACACGTGCAGGCTGTTTAATAGGGGCTGAACATGTCAACAACTCATATGAGTGTGACATACCCATTGGTGCAGGTATATGCGCTAGTTATCAGACTCAGACTAATTCTCCTCGGCGGGCACGTAGTGTAGCTAGTCAATCCATCATTGCCTACACTATGTCACTTGGTGCAGAAAATTCAGTTGCTTACTCTAATAACTCTATTGCCATACCCACAAATTTTACTATTAGTGTTACCACAGAAATTCTACCAGTGTCTATGACCAAGACATCAGTAGATTGTACAATGTACATTTGTGGTGATTCAACTGAATGCAGCAATCTTTTGT,1.0,nCoV-2019_78_1
MN908947.3,24145,24169,nCoV-2019_79_RIGHT,1,-,CATTTCATCTGTGAGCAAAGGTGG,RIGHT,nCoV-2019_79,nCoV-2019_79_LEFT,23789,23812,GTGGTGATTCAACTGAATGCAGC,AATCTTTTGTTGCAATATGGCAGTTTTTGTACACAATTAAACCGTGCTTTAACTGGAATAGCTGTTGAACAAGACAAAAACACCCAAGAAGTTTTTGCACAAGTCAAACAAATTTACAAAACACCACCAATTAAAGATTTTGGTGGTTTTAATTTTTCACAAATATTACCAGATCCATCAAAACCAAGCAAGAGGTCATTTATTGAAGATCTACTTTTCAACAAAGTGACACTTGCAGATGCTGGCTTCATCAAACAATATGGTGATTGCCTTGGTGATATTGCTGCTAGAGACCTCATTTGTGCACAAAAGTTTAACGGCCTTACTGTTTTG,1.0,nCoV-2019_79_1
MN908947.3,24443,24467,nCoV-2019_80_RIGHT,2,-,TGGAGCTAAGTTGTTTAACAAGCG,RIGHT,nCoV-2019_80,nCoV-2019_80_LEFT,24078,24100,TTGCCTTGGTGATATTGCTGCT,AGAGACCTCATTTGTGCACAAAAGTTTAACGGCCTTACTGTTTTGCCACCTTTGCTCACAGATGAAATGATTGCTCAATACACTTCTGCACTGTTAGCGGGTACAATCACTTCTGGTTGGACCTTTGGTGCAGGTGCTGCATTACAAATACCATTTGCTATGCAAATGGCTTATAGGTTTAATGGTATTGGAGTTACACAGAATGTTCTCTATGAGAACCAAAAATTGATTGCCAACCAATTTAATAGTGCTATTGGCAAAATTCAAGACTCACTTTCTTCCACAGCAAGTGCACTTGGAAAACTTCAAGATGTGGTCAACCAAAATGCACAAGCTTTAAACA,1.0,nCoV-2019_80_1
MN908947.3,24765,24789,nCoV-2019_81_RIGHT,1,-,GTGAAGTTCTTTTCTTGTGCAGGG,RIGHT,nCoV-2019_81,nCoV-2019_81_LEFT,24391,24416,GCACTTGGAAAACTTCAAGATGTGG,TCAACCAAAATGCACAAGCTTTAAACACGCTTGTTAAACAACTTAGCTCCAATTTTGGTGCAATTTCAAGTGTTTTAAATGATATCCTTTCACGTCTTGACAAAGTTGAGGCTGAAGTGCAAATTGATAGGTTGATCACAGGCAGACTTCAAAGTTTGCAGACATATGTGACTCAACAATTAATTAGAGCTGCAGAAATCAGAGCTTCTGCTAATCTTGCTGCTACTAAAATGTCAGAGTGTGTACTTGGACAATCAAAAAGAGTTGATTTTTGTGGAAAGGGCTATCATCTTATGTCCTTCCCTCAGTCAGCACCTCATGGTGTAGTCTTCTTGCATGTGACTTATGT,1.0,nCoV-2019_81_1
MN908947.3,25052,25076,nCoV-2019_82_RIGHT,2,-,TGCCAGAGATGTCACCTAAATCAA,RIGHT,nCoV-2019_82,nCoV-2019_82_LEFT,24696,24721,GGGCTATCATCTTATGTCCTTCCCT,CAGTCAGCACCTCATGGTGTAGTCTTCTTGCATGTGACTTATGTCCCTGCACAAGAAAAGAACTTCACAACTGCTCCTGCCATTTGTCATGATGGAAAAGCACACTTTCCTCGTGAAGGTGTCTTTGTTTCAAATGGCACACACTGGTTTGTAACACAAAGGAATTTTTATGAACCACAAATCATTACTACAGACAACACATTTGTGTCTGGTAACTGTGATGTTGTAATAGGAATTGTCAACAACACAGTTTATGATCCTTTGCAACCTGAATTAGACTCATTCAAGGAGGAGTTAGATAAATATTTTAAGAATCATACATCACCAGATG,1.0,nCoV-2019_82_1
MN908947.3,25347,25369,nCoV-2019_83_RIGHT,1,-,TTTGACTCCTTTGAGCACTGGC,RIGHT,nCoV-2019_83,nCoV-2019_83_LEFT,24978,25003,TCCTTTGCAACCTGAATTAGACTCA,TTCAAGGAGGAGTTAGATAAATATTTTAAGAATCATACATCACCAGATGTTGATTTAGGTGACATCTCTGGCATTAATGCTTCAGTTGTAAACATTCAAAAAGAAATTGACCGCCTCAATGAGGTTGCCAAGAATTTAAATGAATCTCTCATCGATCTCCAAGAACTTGGAAAGTATGAGCAGTATATAAAATGGCCATGGTACATTTGGCTAGGTTTTATAGCTGGCTTGATTGCCATAGTAATGGTGACAATTATGCTTTGCTGTATGACCAGTTGCTGTAGTTGTCTCAAGGGCTGTTGTTCTTGTGGATCCTGCTGCAAATTTGATGAAGACGACTCTGA,1.0,nCoV-2019_83_1
MN908947.3,25646,25673,nCoV-2019_84_RIGHT,2,-,AGGTGTGAGTAAACTGTTACAAACAAC,RIGHT,nCoV-2019_84,nCoV-2019_84_LEFT,25279,25301,TGCTGTAGTTGTCTCAAGGGCT,GTTGTTCTTGTGGATCCTGCTGCAAATTTGATGAAGACGACTCTGAGCCAGTGCTCAAAGGAGTCAAATTACATTACACATAAACGAACTTATGGATTTGTTTATGAGAATCTTCACAATTGGAACTGTAACTTTGAAGCAAGGTGAAATCAAGGATGCTACTCCTTCAGATTTTGTTCGCGCTACTGCAACGATACCGATACAAGCCTCACTCCCTTTCGGATGGCTTATTGTTGGCGTTGCACTTCTTGCTGTTTTTCAGAGCGCTTCCAAAATCATAACCCTCAAAAAGAGATGGCAACTAGCACTCTCCAAGGGTGTTCACTTTGTTTGCAACTTGCTGTT,1.0,nCoV-2019_84_1
MN908947.3,25969,25994,nCoV-2019_85_RIGHT,1,-,ACACAGTCTTTTACTCCAGATTCCC,RIGHT,nCoV-2019_85,nCoV-2019_85_LEFT,25601,25623,ACTAGCACTCTCCAAGGGTGTT,CACTTTGTTTGCAACTTGCTGTTGTTGTTTGTAACAGTTTACTCACACCTTTTGCTCGTTGCTGCTGGCCTTGAAGCCCCTTTTCTCTATCTTTATGCTTTAGTCTACTTCTTGCAGAGTATAAACTTTGTAAGAATAATAATGAGGCTTTGGCTTTGCTGGAAATGCCGTTCCAAAAACCCATTACTTTATGATGCCAACTATTTTCTTTGCTGGCATACTAATTGTTACGACTATTGTATACCTTACAATAGTGTAACTTCTTCAATTGTCATTACTTCAGGTGATGGCACAACAAGTCCTATTTCTGAACATGACTACCAGATTGGTGGTTATACTGAAAAAT,1.0,nCoV-2019_85_1
MN908947.3,26290,26315,nCoV-2019_86_RIGHT,2,-,ACGAAAGCAAGAAAAAGAAGTACGC,RIGHT,nCoV-2019_86,nCoV-2019_86_LEFT,25902,25924,TCAGGTGATGGCACAACAAGTC,CTATTTCTGAACATGACTACCAGATTGGTGGTTATACTGAAAAATGGGAATCTGGAGTAAAAGACTGTGTTGTATTACACAGTTACTTCACTTCAGACTATTACCAGCTGTACTCAACTCAATTGAGTACAGACACTGGTGTTGAACATGTTACCTTCTTCATCTACAATAAAATTGTTGATGAGCCTGAAGAACATGTCCAAATTCACACAATCGACGGTTCATCCGGAGTTGTTAATCCAGTAATGGAACCAATTTATGATGAACCGACGACGACTACTAGCGTGCCTTTGTAAGCACAAGCTGATGAGTACGAACTTATGTACTCATTCGTTTCGGAAGAGACAGGTACGTTAATAGTTAATA,1.0,nCoV-2019_86_1
MN908947.3,26566,26590,nCoV-2019_87_RIGHT,1,-,ACTAGGTTCCATTGTTCAAGGAGC,RIGHT,nCoV-2019_87,nCoV-2019_87_LEFT,26197,26219,CGACTACTAGCGTGCCTTTGTA,AGCACAAGCTGATGAGTACGAACTTATGTACTCATTCGTTTCGGAAGAGACAGGTACGTTAATAGTTAATAGCGTACTTCTTTTTCTTGCTTTCGTGGTATTCTTGCTAGTTACACTAGCCATCCTTACTGCGCTTCGATTGTGTGCGTACTGCTGCAATATTGTTAACGTGAGTCTTGTAAAACCTTCTTTTTACGTTTACTCTCGTGTTAAAAATCTGAATTCTTCTAGAGTTCCTGATCTTCTGGTCTAAACGAACTAAATATTATATTAGTTTTTCTGTTTGGAACTTTAATTTTAGCCATGGCAGATTCCAACGGTACTATTACCGTTGAAGAGCTTAAAAA,1.0,nCoV-2019_87_1
MN908947.3,26890,26913,nCoV-2019_88_RIGHT,2,-,TGGTCAGAATAGTGCCATGGAGT,RIGHT,nCoV-2019_88,nCoV-2019_88_LEFT,26520,26542,CCATGGCAGATTCCAACGGTAC,TATTACCGTTGAAGAGCTTAAAAAGCTCCTTGAACAATGGAACCTAGTAATAGGTTTCCTATTCCTTACATGGATTTGTCTTCTACAATTTGCCTATGCCAACAGGAATAGGTTTTTGTATATAATTAAGTTAATTTTCCTCTGGCTGTTATGGCCAGTAACTTTAGCTTGTTTTGTGCTTGCTGCTGTTTACAGAATAAATTGGATCACCGGTGGAATTGCTATCGCAATGGCTTGTCTTGTAGGCTTGATGTGGCTCAGCTACTTCATTGCTTCTTTCAGACTGTTTGCGCGTACGCGTTCCATGTGGTCATTCAATCCAGAAACTAACATTCTTCTCAACGTGCC,1.0,nCoV-2019_88_1
MN908947.3,27202,27227,nCoV-2019_89_RIGHT,1,-,ACCTGAAAGTCAACGAGATGAAACA,RIGHT,nCoV-2019_89,nCoV-2019_89_LEFT,26835,26857,GTACGCGTTCCATGTGGTCATT,CAATCCAGAAACTAACATTCTTCTCAACGTGCCACTCCATGGCACTATTCTGACCAGACCGCTTCTAGAAAGTGAACTCGTAATCGGAGCTGTGATCCTTCGTGGACATCTTCGTATTGCTGGACACCATCTAGGACGCTGTGACATCAAGGACCTGCCTAAAGAAATCACTGTTGCTACATCACGAACGCTTTCTTATTACAAATTGGGAGCTTCGCAGCGTGTAGCAGGTGACTCAGGTTTTGCTGCATACAGTCGCTACAGGATTGGCAACTATAAATTAAACACAGACCATTCCAGTAGCAGTGACAATATTGCTTTGCTTGTACAGTAAGTGACAACAGA,1.0,nCoV-2019_89_1
MN908947.3,27202,27227,nCoV-2019_89_RIGHT,1,-,ACCTGAAAGTCAACGAGATGAAACA,RIGHT,nCoV-2019_89,nCoV-2019_89_LEFT_alt2,26838,26860,CGCGTTCCATGTGGTCATTCAA,TCCAGAAACTAACATTCTTCTCAACGTGCCACTCCATGGCACTATTCTGACCAGACCGCTTCTAGAAAGTGAACTCGTAATCGGAGCTGTGATCCTTCGTGGACATCTTCGTATTGCTGGACACCATCTAGGACGCTGTGACATCAAGGACCTGCCTAAAGAAATCACTGTTGCTACATCACGAACGCTTTCTTATTACAAATTGGGAGCTTCGCAGCGTGTAGCAGGTGACTCAGGTTTTGCTGCATACAGTCGCTACAGGATTGGCAACTATAAATTAAACACAGACCATTCCAGTAGCAGTGACAATATTGCTTTGCTTGTACAGTAAGTGACAACAGA,2.0,nCoV-2019_89_2
MN908947.3,27190,27215,nCoV-2019_89_RIGHT_alt4,1,-,ACGAGATGAAACATCTGTTGTCACT,RIGHT,nCoV-2019_89,nCoV-2019_89_LEFT,26835,26857,GTACGCGTTCCATGTGGTCATT,CAATCCAGAAACTAACATTCTTCTCAACGTGCCACTCCATGGCACTATTCTGACCAGACCGCTTCTAGAAAGTGAACTCGTAATCGGAGCTGTGATCCTTCGTGGACATCTTCGTATTGCTGGACACCATCTAGGACGCTGTGACATCAAGGACCTGCCTAAAGAAATCACTGTTGCTACATCACGAACGCTTTCTTATTACAAATTGGGAGCTTCGCAGCGTGTAGCAGGTGACTCAGGTTTTGCTGCATACAGTCGCTACAGGATTGGCAACTATAAATTAAACACAGACCATTCCAGTAGCAGTGACAATATTGCTTTGCTTGTACAGTA,3.0,nCoV-2019_89_3
MN908947.3,27190,27215,nCoV-2019_89_RIGHT_alt4,1,-,ACGAGATGAAACATCTGTTGTCACT,RIGHT,nCoV-2019_89,nCoV-2019_89_LEFT_alt2,26838,26860,CGCGTTCCATGTGGTCATTCAA,TCCAGAAACTAACATTCTTCTCAACGTGCCACTCCATGGCACTATTCTGACCAGACCGCTTCTAGAAAGTGAACTCGTAATCGGAGCTGTGATCCTTCGTGGACATCTTCGTATTGCTGGACACCATCTAGGACGCTGTGACATCAAGGACCTGCCTAAAGAAATCACTGTTGCTACATCACGAACGCTTTCTTATTACAAATTGGGAGCTTCGCAGCGTGTAGCAGGTGACTCAGGTTTTGCTGCATACAGTCGCTACAGGATTGGCAACTATAAATTAAACACAGACCATTCCAGTAGCAGTGACAATATTGCTTTGCTTGTACAGTA,4.0,nCoV-2019_89_4
MN908947.3,27511,27533,nCoV-2019_90_RIGHT,2,-,TGAAATGGTGAATTGCCCTCGT,RIGHT,nCoV-2019_90,nCoV-2019_90_LEFT,27141,27164,ACACAGACCATTCCAGTAGCAGT,GACAATATTGCTTTGCTTGTACAGTAAGTGACAACAGATGTTTCATCTCGTTGACTTTCAGGTTACTATAGCAGAGATATTACTAATTATTATGAGGACTTTTAAAGTTTCCATTTGGAATCTTGATTACATCATAAACCTCATAATTAAAAATTTATCTAAGTCACTAACTGAGAATAAATATTCTCAATTAGATGAAGAGCAACCAATGGAGATTGATTAAACGAACATGAAAATTATTCTTTTCTTGGCACTGATAACACTCGCTACTTGTGAGCTTTATCACTACCAAGAGTGTGTTAGAGGTACAACAGTACTTTTAAAAGAACCTTGCTCTTCTGGAACAT,1.0,nCoV-2019_90_1
MN908947.3,27825,27854,nCoV-2019_91_RIGHT,1,-,TTCAAGTGAGAACCAAAAGATAATAAGCA,RIGHT,nCoV-2019_91,nCoV-2019_91_LEFT,27446,27471,TCACTACCAAGAGTGTGTTAGAGGT,ACAACAGTACTTTTAAAAGAACCTTGCTCTTCTGGAACATACGAGGGCAATTCACCATTTCATCCTCTAGCTGATAACAAATTTGCACTGACTTGCTTTAGCACTCAATTTGCTTTTGCTTGTCCTGACGGCGTAAAACACGTCTATCAGTTACGTGCCAGATCAGTTTCACCTAAACTGTTCATCAGACAAGAGGAAGTTCAAGAACTTTACTCTCCAATTTTTCTTATTGTTGCGGCAATAGTGTTTATAACACTTTGCTTCACACTCAAAAGAAAGACAGAATGATTGAACTTTCATTAATTGACTTCTATTTGTGCTTTTTAGCCTTTCTGCTATTCCTTGTTTTAATTA,1.0,nCoV-2019_91_1
MN908947.3,28145,28172,nCoV-2019_92_RIGHT,2,-,AGGTTCCTGGCAATTAATTGTAAAAGG,RIGHT,nCoV-2019_92,nCoV-2019_92_LEFT,27784,27808,TTTGTGCTTTTTAGCCTTTCTGCT,ATTCCTTGTTTTAATTATGCTTATTATCTTTTGGTTCTCACTTGAACTGCAAGATCATAATGAAACTTGTCACGCCTAAACGAACATGAAATTTCTTGTTTTCTTAGGAATCATCACAACTGTAGCTGCATTTCACCAAGAATGTAGTTTACAGTCATGTACTCAACATCAACCATATGTAGTTGATGACCCGTGTCCTATTCACTTCTATTCTAAATGGTATATTAGAGTAGGAGCTAGAAAATCAGCACCTTTAATTGAATTGTGCGTGGATGAGGCTGGTTCTAAATCACCCATTCAGTACATCGATATCGGTAATTATACAGTTTCCTGTTTA,1.0,nCoV-2019_92_1
MN908947.3,28442,28464,nCoV-2019_93_RIGHT,1,-,AGGTCTTCCTTGCCATGTTGAG,RIGHT,nCoV-2019_93,nCoV-2019_93_LEFT,28081,28104,TGAGGCTGGTTCTAAATCACCCA,TTCAGTACATCGATATCGGTAATTATACAGTTTCCTGTTTACCTTTTACAATTAATTGCCAGGAACCTAAATTGGGTAGTCTTGTAGTGCGTTGTTCGTTCTATGAAGACTTTTTAGAGTATCATGACGTTCGTGTTGTTTTAGATTTCATCTAAACGAACAAACTAAAATGTCTGATAATGGACCCCAAAATCAGCGAAATGCACCCCGCATTACGTTTGGTGGACCCTCAGATTCAACTGGCAGTAACCAGAATGGAGAACGCAGTGGGGCGCGATCAAAACAACGTCGGCCCCAAGGTTTACCCAATAATACTGCGTCTTGGTTCACCGCTCTCA,1.0,nCoV-2019_93_1
MN908947.3,28756,28779,nCoV-2019_94_RIGHT,2,-,TTTGGCAATGTTGTTCCTTGAGG,RIGHT,nCoV-2019_94,nCoV-2019_94_LEFT,28394,28416,GGCCCCAAGGTTTACCCAATAA,TACTGCGTCTTGGTTCACCGCTCTCACTCAACATGGCAAGGAAGACCTTAAATTCCCTCGAGGACAAGGCGTTCCAATTAACACCAATAGCAGTCCAGATGACCAAATTGGCTACTACCGAAGAGCTACCAGACGAATTCGTGGTGGTGACGGTAAAATGAAAGATCTCAGTCCAAGATGGTATTTCTACTACCTAGGAACTGGGCCAGAAGCTGGACTTCCCTATGGTGCTAACAAAGACGGCATCATATGGGTTGCAACTGAGGGAGCCTTGAATACACCAAAAGATCACATTGGCACCCGCAATCCTGCTAACAATGCTGCAATCGTGCTACAACTT,1.0,nCoV-2019_94_1
MN908947.3,29041,29063,nCoV-2019_95_RIGHT,1,-,CAGTACGTTTTTGCCGAGGCTT,RIGHT,nCoV-2019_95,nCoV-2019_95_LEFT,28677,28699,TGAGGGAGCCTTGAATACACCA,AAAGATCACATTGGCACCCGCAATCCTGCTAACAATGCTGCAATCGTGCTACAACTTCCTCAAGGAACAACATTGCCAAAAGGCTTCTACGCAGAAGGGAGCAGAGGCGGCAGTCAAGCCTCTTCTCGTTCCTCATCACGTAGTCGCAACAGTTCAAGAAATTCAACTCCAGGCAGCAGTAGGGGAACTTCTCCTGCTAGAATGGCTGGCAATGGCGGTGATGCTGCTCTTGCTTTGCTGCTGCTTGACAGATTGAACCAGCTTGAGAGCAAAATGTCTGGTAAAGGCCAACAACAACAAGGCCAAACTGTCACTAAGAAATCTGCTGCTGAGGCTTCTAAG,1.0,nCoV-2019_95_1
MN908947.3,29356,29378,nCoV-2019_96_RIGHT,2,-,TAGGCTCTGTTGGTGGGAATGT,RIGHT,nCoV-2019_96,nCoV-2019_96_LEFT,28985,29007,GCCAACAACAACAAGGCCAAAC,TGTCACTAAGAAATCTGCTGCTGAGGCTTCTAAGAAGCCTCGGCAAAAACGTACTGCCACTAAAGCATACAATGTAACACAAGCTTTCGGCAGACGTGGTCCAGAACAAACCCAAGGAAATTTTGGGGACCAGGAACTAATCAGACAAGGAACTGATTACAAACATTGGCCGCAAATTGCACAATTTGCCCCCAGCGCTTCAGCGTTCTTCGGAATGTCGCGCATTGGCATGGAAGTCACACCTTCGGGAACGTGGTTGACCTACACAGGTGCCATCAAATTGGATGACAAAGATCCAAATTTCAAAGATCAAGTCATTTTGCTGAATAAGCATATTGACGCATACAAA,1.0,nCoV-2019_96_1
MN908947.3,29665,29693,nCoV-2019_97_RIGHT,1,-,ACACACTGATTAAAGATTGCTATGTGAG,RIGHT,nCoV-2019_97,nCoV-2019_97_LEFT,29288,29316,TGGATGACAAAGATCCAAATTTCAAAGA,TCAAGTCATTTTGCTGAATAAGCATATTGACGCATACAAAACATTCCCACCAACAGAGCCTAAAAAGGACAAAAAGAAGAAGGCTGATGAAACTCAAGCCTTACCGCAGAGACAGAAGAAACAGCAAACTGTGACTCTTCTTCCTGCTGCAGATTTGGATGATTTCTCCAAACAATTGCAACAATCCATGAGCAGTGCTGACTCAACTCAGGCCTAAACTCATGCAGACCACACAAGGCAGATGGGCTATATAAACGTTTTCGCTTTTCCGTTTACGATATATAGTCTACTCTTGTGCAGAATGAATTCTCGTAACTACATAGCACAAGTAGATGTAGTTAACTTTAAT,1.0,nCoV-2019_97_1
MN908947.3,29836,29866,nCoV-2019_98_RIGHT,2,-,TTCTCCTAAGAAGCTATTAAAATCACATGG,RIGHT,nCoV-2019_98,nCoV-2019_98_LEFT,29486,29510,AACAATTGCAACAATCCATGAGCA,GTGCTGACTCAACTCAGGCCTAAACTCATGCAGACCACACAAGGCAGATGGGCTATATAAACGTTTTCGCTTTTCCGTTTACGATATATAGTCTACTCTTGTGCAGAATGAATTCTCGTAACTACATAGCACAAGTAGATGTAGTTAACTTTAATCTCACATAGCAATCTTTAATCAGTGTGTAACATTAGGGAGGACTTGAAAGAGCCACCACATTTTCACCGAGGCCACGCGGAGTACGATCGAGTGTACAGTGAACAATGCTAGGGAGAGCTGCCTATATGGAAGAGCCCTAATGTGTAAAATTAATTTTAGTAGTGCTATCC,1.0,nCoV-2019_98_1
